ADRESSE,RUE,NO_ZONE,GRILLEUSAGE,ARRONDISSEMENT,GMAPS_URL
630 RUE ROGEAU,RUE ROGEAU,H0787,https://cartes.ville.sherbrooke.qc.ca/GrilleUsage/?zoneid=H0787,Arrondissement des Nations,https://www.google.com/maps/search/?api=1&query=630+RUE+ROGEAU+Arrondissement+des+Nations
3001 RUE NADEAU,RUE NADEAU,H0751,https://cartes.ville.sherbrooke.qc.ca/GrilleUsage/?zoneid=H0751,Arrondissement de Fleurimont,https://www.google.com/maps/search/?api=1&query=3001+RUE+NADEAU+Arrondissement+de+Fleurimont
1205 RUE DES LYS,RUE LYS,H1631,https://cartes.ville.sherbrooke.qc.ca/GrilleUsage/?zoneid=H1631,Arrondissement de Fleurimont,https://www.google.com/maps/search/?api=1&query=1205+RUE+DES+LYS+Arrondissement+de+Fleurimont
1215 RUE DES LYS,RUE LYS,H1631,https://cartes.ville.sherbrooke.qc.ca/GrilleUsage/?zoneid=H1631,Arrondissement de Fleurimont,https://www.google.com/maps/search/?api=1&query=1215+RUE+DES+LYS+Arrondissement+de+Fleurimont
131 RUE MORRIS,RUE MORRIS,H0365,https://cartes.ville.sherbrooke.qc.ca/GrilleUsage/?zoneid=H0365,Arrondissement des Nations,https://www.google.com/maps/search/?api=1&query=131+RUE+MORRIS+Arrondissement+des+Nations
37 10E AVENUE S,AVENUE 10E,H1458,https://cartes.ville.sherbrooke.qc.ca/GrilleUsage/?zoneid=H1458,Arrondissement de Fleurimont,https://www.google.com/maps/search/?api=1&query=37+10E+AVENUE+S+Arrondissement+de+Fleurimont
1225 RUE DES LYS,RUE LYS,H1631,https://cartes.ville.sherbrooke.qc.ca/GrilleUsage/?zoneid=H1631,Arrondissement de Fleurimont,https://www.google.com/maps/search/?api=1&query=1225+RUE+DES+LYS+Arrondissement+de+Fleurimont
1235 RUE DES LYS,RUE LYS,H1631,https://cartes.ville.sherbrooke.qc.ca/GrilleUsage/?zoneid=H1631,Arrondissement de Fleurimont,https://www.google.com/maps/search/?api=1&query=1235+RUE+DES+LYS+Arrondissement+de+Fleurimont
645 RUE ROGEAU,RUE ROGEAU,H0787,https://cartes.ville.sherbrooke.qc.ca/GrilleUsage/?zoneid=H0787,Arrondissement des Nations,https://www.google.com/maps/search/?api=1&query=645+RUE+ROGEAU+Arrondissement+des+Nations
640 RUE LESLIE,RUE LESLIE,H0787,https://cartes.ville.sherbrooke.qc.ca/GrilleUsage/?zoneid=H0787,Arrondissement des Nations,https://www.google.com/maps/search/?api=1&query=640+RUE+LESLIE+Arrondissement+des+Nations
