ADRESSE,RUE,NO_ZONE,GRILLEUSAGE,ARRONDISSEMENT,GOOGLE_MAPS
131 RUE MORRIS,RUE MORRIS,H0365,https://cartes.ville.sherbrooke.qc.ca/GrilleUsage/?zoneid=H0365,Arrondissement des Nations,https://www.google.com/maps/search/?api=1&query=131+RUE+MORRIS+Arrondissement+des+Nations
4439 RUE MATHY,RUE MATHY,H0160,https://cartes.ville.sherbrooke.qc.ca/GrilleUsage/?zoneid=H0160,Arrondissement de Brompton–Rock Forest–Saint-Élie–Deauville,https://www.google.com/maps/search/?api=1&query=4439+RUE+MATHY+Arrondissement+de+Brompton%E2%80%93Rock+Forest%E2%80%93Saint-%C3%89lie%E2%80%93Deauville
439 RUE COLBERT,RUE COLBERT,H0297,https://cartes.ville.sherbrooke.qc.ca/GrilleUsage/?zoneid=H0297,Arrondissement de Brompton–Rock Forest–Saint-Élie–Deauville,https://www.google.com/maps/search/?api=1&query=439+RUE+COLBERT+Arrondissement+de+Brompton%E2%80%93Rock+Forest%E2%80%93Saint-%C3%89lie%E2%80%93Deauville
443 RUE COLBERT,RUE COLBERT,H0297,https://cartes.ville.sherbrooke.qc.ca/GrilleUsage/?zoneid=H0297,Arrondissement de Brompton–Rock Forest–Saint-Élie–Deauville,https://www.google.com/maps/search/?api=1&query=443+RUE+COLBERT+Arrondissement+de+Brompton%E2%80%93Rock+Forest%E2%80%93Saint-%C3%89lie%E2%80%93Deauville
185 RUE RIVIER,RUE RIVIER,H1491,https://cartes.ville.sherbrooke.qc.ca/GrilleUsage/?zoneid=H1491,Arrondissement de Fleurimont,https://www.google.com/maps/search/?api=1&query=185+RUE+RIVIER+Arrondissement+de+Fleurimont
183 RUE RIVIER,RUE RIVIER,H1491,https://cartes.ville.sherbrooke.qc.ca/GrilleUsage/?zoneid=H1491,Arrondissement de Fleurimont,https://www.google.com/maps/search/?api=1&query=183+RUE+RIVIER+Arrondissement+de+Fleurimont
316 RUE BALL,RUE BALL,H0584,https://cartes.ville.sherbrooke.qc.ca/GrilleUsage/?zoneid=H0584,Arrondissement des Nations,https://www.google.com/maps/search/?api=1&query=316+RUE+BALL+Arrondissement+des+Nations
84 RUE BROOKS,RUE BROOKS,H0588,https://cartes.ville.sherbrooke.qc.ca/GrilleUsage/?zoneid=H0588,Arrondissement des Nations,https://www.google.com/maps/search/?api=1&query=84+RUE+BROOKS+Arrondissement+des+Nations
57 10E AVENUE S,AVENUE 10E,H1458,https://cartes.ville.sherbrooke.qc.ca/GrilleUsage/?zoneid=H1458,Arrondissement de Fleurimont,https://www.google.com/maps/search/?api=1&query=57+10E+AVENUE+S+Arrondissement+de+Fleurimont
660 RUE LESLIE,RUE LESLIE,H0894,https://cartes.ville.sherbrooke.qc.ca/GrilleUsage/?zoneid=H0894,Arrondissement des Nations,https://www.google.com/maps/search/?api=1&query=660+RUE+LESLIE+Arrondissement+des+Nations
202 RUE FABI,RUE FABI,H1401,https://cartes.ville.sherbrooke.qc.ca/GrilleUsage/?zoneid=H1401,Arrondissement de Fleurimont,https://www.google.com/maps/search/?api=1&query=202+RUE+FABI+Arrondissement+de+Fleurimont
318 RUE BALL,RUE BALL,H0584,https://cartes.ville.sherbrooke.qc.ca/GrilleUsage/?zoneid=H0584,Arrondissement des Nations,https://www.google.com/maps/search/?api=1&query=318+RUE+BALL+Arrondissement+des+Nations
175 RUE RIVIER,RUE RIVIER,H1491,https://cartes.ville.sherbrooke.qc.ca/GrilleUsage/?zoneid=H1491,Arrondissement de Fleurimont,https://www.google.com/maps/search/?api=1&query=175+RUE+RIVIER+Arrondissement+de+Fleurimont
165 RUE RIVIER,RUE RIVIER,H1491,https://cartes.ville.sherbrooke.qc.ca/GrilleUsage/?zoneid=H1491,Arrondissement de Fleurimont,https://www.google.com/maps/search/?api=1&query=165+RUE+RIVIER+Arrondissement+de+Fleurimont
3006 RUE GASTIN,RUE GASTIN,H1276,https://cartes.ville.sherbrooke.qc.ca/GrilleUsage/?zoneid=H1276,Arrondissement de Fleurimont,https://www.google.com/maps/search/?api=1&query=3006+RUE+GASTIN+Arrondissement+de+Fleurimont
5703 RUE HERIOT,RUE HERIOT,H0212,https://cartes.ville.sherbrooke.qc.ca/GrilleUsage/?zoneid=H0212,Arrondissement de Brompton–Rock Forest–Saint-Élie–Deauville,https://www.google.com/maps/search/?api=1&query=5703+RUE+HERIOT+Arrondissement+de+Brompton%E2%80%93Rock+Forest%E2%80%93Saint-%C3%89lie%E2%80%93Deauville
1825 RUE GRIME,RUE GRIME,H0432,https://cartes.ville.sherbrooke.qc.ca/GrilleUsage/?zoneid=H0432,Arrondissement des Nations,https://www.google.com/maps/search/?api=1&query=1825+RUE+GRIME+Arrondissement+des+Nations
324 RUE BALL,RUE BALL,H0584,https://cartes.ville.sherbrooke.qc.ca/GrilleUsage/?zoneid=H0584,Arrondissement des Nations,https://www.google.com/maps/search/?api=1&query=324+RUE+BALL+Arrondissement+des+Nations
3656 RUE WILFRID GREGOIRE,RUE WILFRID-GREGOIRE,H0306,https://cartes.ville.sherbrooke.qc.ca/GrilleUsage/?zoneid=H0306,Arrondissement des Nations,https://www.google.com/maps/search/?api=1&query=3656+RUE+WILFRID+GREGOIRE+Arrondissement+des+Nations
155 RUE RIVIER,RUE RIVIER,H1491,https://cartes.ville.sherbrooke.qc.ca/GrilleUsage/?zoneid=H1491,Arrondissement de Fleurimont,https://www.google.com/maps/search/?api=1&query=155+RUE+RIVIER+Arrondissement+de+Fleurimont
879 RUE ALINE,RUE ALINE,H0633,https://cartes.ville.sherbrooke.qc.ca/GrilleUsage/?zoneid=H0633,Arrondissement des Nations,https://www.google.com/maps/search/?api=1&query=879+RUE+ALINE+Arrondissement+des+Nations
2897 RUE DELORME,RUE DELORME,H0987,https://cartes.ville.sherbrooke.qc.ca/GrilleUsage/?zoneid=H0987,Arrondissement des Nations,https://www.google.com/maps/search/?api=1&query=2897+RUE+DELORME+Arrondissement+des+Nations
3786 BOULEVARD DE L'UNIVERSITE,BOULEVARD UNIVERSITE,H0051,https://cartes.ville.sherbrooke.qc.ca/GrilleUsage/?zoneid=H0051,Arrondissement des Nations,https://www.google.com/maps/search/?api=1&query=3786+BOULEVARD+DE+L%27UNIVERSITE+Arrondissement+des+Nations
189 RUE BIRON,RUE BIRON,H1375,https://cartes.ville.sherbrooke.qc.ca/GrilleUsage/?zoneid=H1375,Arrondissement de Fleurimont,https://www.google.com/maps/search/?api=1&query=189+RUE+BIRON+Arrondissement+de+Fleurimont
887 RUE ALINE,RUE ALINE,H0633,https://cartes.ville.sherbrooke.qc.ca/GrilleUsage/?zoneid=H0633,Arrondissement des Nations,https://www.google.com/maps/search/?api=1&query=887+RUE+ALINE+Arrondissement+des+Nations
861 RUE ALINE,RUE ALINE,H0633,https://cartes.ville.sherbrooke.qc.ca/GrilleUsage/?zoneid=H0633,Arrondissement des Nations,https://www.google.com/maps/search/?api=1&query=861+RUE+ALINE+Arrondissement+des+Nations
137 RUE DE LONDON,RUE LONDON,H0523,https://cartes.ville.sherbrooke.qc.ca/GrilleUsage/?zoneid=H0523,Arrondissement des Nations,https://www.google.com/maps/search/?api=1&query=137+RUE+DE+LONDON+Arrondissement+des+Nations
1213 RUE SAINT RAYMOND,RUE SAINT-RAYMOND,H1012,https://cartes.ville.sherbrooke.qc.ca/GrilleUsage/?zoneid=H1012,Arrondissement des Nations,https://www.google.com/maps/search/?api=1&query=1213+RUE+SAINT+RAYMOND+Arrondissement+des+Nations
3784 BOULEVARD DE L'UNIVERSITE,BOULEVARD UNIVERSITE,H0051,https://cartes.ville.sherbrooke.qc.ca/GrilleUsage/?zoneid=H0051,Arrondissement des Nations,https://www.google.com/maps/search/?api=1&query=3784+BOULEVARD+DE+L%27UNIVERSITE+Arrondissement+des+Nations
5418 RUE DORION,RUE DORION,H0025,https://cartes.ville.sherbrooke.qc.ca/GrilleUsage/?zoneid=H0025,Arrondissement de Brompton–Rock Forest–Saint-Élie–Deauville,https://www.google.com/maps/search/?api=1&query=5418+RUE+DORION+Arrondissement+de+Brompton%E2%80%93Rock+Forest%E2%80%93Saint-%C3%89lie%E2%80%93Deauville
937 RUE BERTRAND,RUE BERTRAND,H1059,https://cartes.ville.sherbrooke.qc.ca/GrilleUsage/?zoneid=H1059,Arrondissement des Nations,https://www.google.com/maps/search/?api=1&query=937+RUE+BERTRAND+Arrondissement+des+Nations
1205 RUE DES MARGUERITES,RUE MARGUERITES,H1633,https://cartes.ville.sherbrooke.qc.ca/GrilleUsage/?zoneid=H1633,Arrondissement de Fleurimont,https://www.google.com/maps/search/?api=1&query=1205+RUE+DES+MARGUERITES+Arrondissement+de+Fleurimont
1552 RUE LALEMANT,RUE LALEMANT,H1047,https://cartes.ville.sherbrooke.qc.ca/GrilleUsage/?zoneid=H1047,Arrondissement des Nations,https://www.google.com/maps/search/?api=1&query=1552+RUE+LALEMANT+Arrondissement+des+Nations
855 RUE HERVE,RUE HERVE,H0205,https://cartes.ville.sherbrooke.qc.ca/GrilleUsage/?zoneid=H0205,Arrondissement de Brompton–Rock Forest–Saint-Élie–Deauville,https://www.google.com/maps/search/?api=1&query=855+RUE+HERVE+Arrondissement+de+Brompton%E2%80%93Rock+Forest%E2%80%93Saint-%C3%89lie%E2%80%93Deauville
1554 RUE LALEMANT,RUE LALEMANT,H1047,https://cartes.ville.sherbrooke.qc.ca/GrilleUsage/?zoneid=H1047,Arrondissement des Nations,https://www.google.com/maps/search/?api=1&query=1554+RUE+LALEMANT+Arrondissement+des+Nations
863 RUE HERVE,RUE HERVE,H0205,https://cartes.ville.sherbrooke.qc.ca/GrilleUsage/?zoneid=H0205,Arrondissement de Brompton–Rock Forest–Saint-Élie–Deauville,https://www.google.com/maps/search/?api=1&query=863+RUE+HERVE+Arrondissement+de+Brompton%E2%80%93Rock+Forest%E2%80%93Saint-%C3%89lie%E2%80%93Deauville
867 RUE HERVE,RUE HERVE,H0205,https://cartes.ville.sherbrooke.qc.ca/GrilleUsage/?zoneid=H0205,Arrondissement de Brompton–Rock Forest–Saint-Élie–Deauville,https://www.google.com/maps/search/?api=1&query=867+RUE+HERVE+Arrondissement+de+Brompton%E2%80%93Rock+Forest%E2%80%93Saint-%C3%89lie%E2%80%93Deauville
1020 RUE ALPHONSE TRUDEAU,RUE ALPHONSE-TRUDEAU,H0302,https://cartes.ville.sherbrooke.qc.ca/GrilleUsage/?zoneid=H0302,Arrondissement des Nations,https://www.google.com/maps/search/?api=1&query=1020+RUE+ALPHONSE+TRUDEAU+Arrondissement+des+Nations
853 RUE HERVE,RUE HERVE,H0205,https://cartes.ville.sherbrooke.qc.ca/GrilleUsage/?zoneid=H0205,Arrondissement de Brompton–Rock Forest–Saint-Élie–Deauville,https://www.google.com/maps/search/?api=1&query=853+RUE+HERVE+Arrondissement+de+Brompton%E2%80%93Rock+Forest%E2%80%93Saint-%C3%89lie%E2%80%93Deauville
2535 RUE PROSPECT,RUE PROSPECT,H0421,https://cartes.ville.sherbrooke.qc.ca/GrilleUsage/?zoneid=H0421,Arrondissement des Nations,https://www.google.com/maps/search/?api=1&query=2535+RUE+PROSPECT+Arrondissement+des+Nations
2600 BOULEVARD DE PORTLAND,BOULEVARD PORTLAND,H0360,https://cartes.ville.sherbrooke.qc.ca/GrilleUsage/?zoneid=H0360,Arrondissement des Nations,https://www.google.com/maps/search/?api=1&query=2600+BOULEVARD+DE+PORTLAND+Arrondissement+des+Nations
1632 RUE MARINI,RUE MARINI,H0177,https://cartes.ville.sherbrooke.qc.ca/GrilleUsage/?zoneid=H0177,Arrondissement de Brompton–Rock Forest–Saint-Élie–Deauville,https://www.google.com/maps/search/?api=1&query=1632+RUE+MARINI+Arrondissement+de+Brompton%E2%80%93Rock+Forest%E2%80%93Saint-%C3%89lie%E2%80%93Deauville
1192 RUE DE GRENOBLE,RUE GRENOBLE,H1626,https://cartes.ville.sherbrooke.qc.ca/GrilleUsage/?zoneid=H1626,Arrondissement de Fleurimont,https://www.google.com/maps/search/?api=1&query=1192+RUE+DE+GRENOBLE+Arrondissement+de+Fleurimont
1200 RUE DE GRENOBLE,RUE GRENOBLE,H1626,https://cartes.ville.sherbrooke.qc.ca/GrilleUsage/?zoneid=H1626,Arrondissement de Fleurimont,https://www.google.com/maps/search/?api=1&query=1200+RUE+DE+GRENOBLE+Arrondissement+de+Fleurimont
384 RUE DE L'ASSOMPTION,RUE ASSOMPTION,H1435,https://cartes.ville.sherbrooke.qc.ca/GrilleUsage/?zoneid=H1435,Arrondissement de Fleurimont,https://www.google.com/maps/search/?api=1&query=384+RUE+DE+L%27ASSOMPTION+Arrondissement+de+Fleurimont
4980 RUE GABRIEL,RUE GABRIEL,H0166,https://cartes.ville.sherbrooke.qc.ca/GrilleUsage/?zoneid=H0166,Arrondissement de Brompton–Rock Forest–Saint-Élie–Deauville,https://www.google.com/maps/search/?api=1&query=4980+RUE+GABRIEL+Arrondissement+de+Brompton%E2%80%93Rock+Forest%E2%80%93Saint-%C3%89lie%E2%80%93Deauville
3430 RUE DES CHENES,RUE CHENES,H0350,https://cartes.ville.sherbrooke.qc.ca/GrilleUsage/?zoneid=H0350,Arrondissement des Nations,https://www.google.com/maps/search/?api=1&query=3430+RUE+DES+CHENES+Arrondissement+des+Nations
255 RUE BELLEVUE,RUE BELLEVUE,H0550,https://cartes.ville.sherbrooke.qc.ca/GrilleUsage/?zoneid=H0550,Arrondissement des Nations,https://www.google.com/maps/search/?api=1&query=255+RUE+BELLEVUE+Arrondissement+des+Nations
2575 RUE PROSPECT,RUE PROSPECT,H0419,https://cartes.ville.sherbrooke.qc.ca/GrilleUsage/?zoneid=H0419,Arrondissement des Nations,https://www.google.com/maps/search/?api=1&query=2575+RUE+PROSPECT+Arrondissement+des+Nations
1931 RUE DE LA GOLCONDA,RUE GOLCONDA,H1820,https://cartes.ville.sherbrooke.qc.ca/GrilleUsage/?zoneid=H1820,Arrondissement des Nations,https://www.google.com/maps/search/?api=1&query=1931+RUE+DE+LA+GOLCONDA+Arrondissement+des+Nations
2103 RUE PROSPECT,RUE PROSPECT,H0491,https://cartes.ville.sherbrooke.qc.ca/GrilleUsage/?zoneid=H0491,Arrondissement des Nations,https://www.google.com/maps/search/?api=1&query=2103+RUE+PROSPECT+Arrondissement+des+Nations
868 RUE DUVERNAY,RUE DUVERNAY,H0419,https://cartes.ville.sherbrooke.qc.ca/GrilleUsage/?zoneid=H0419,Arrondissement des Nations,https://www.google.com/maps/search/?api=1&query=868+RUE+DUVERNAY+Arrondissement+des+Nations
369 RUE CODERE,RUE CODERE,H1436,https://cartes.ville.sherbrooke.qc.ca/GrilleUsage/?zoneid=H1436,Arrondissement de Fleurimont,https://www.google.com/maps/search/?api=1&query=369+RUE+CODERE+Arrondissement+de+Fleurimont
361 RUE CODERE,RUE CODERE,H1436,https://cartes.ville.sherbrooke.qc.ca/GrilleUsage/?zoneid=H1436,Arrondissement de Fleurimont,https://www.google.com/maps/search/?api=1&query=361+RUE+CODERE+Arrondissement+de+Fleurimont
363 RUE CODERE,RUE CODERE,H1436,https://cartes.ville.sherbrooke.qc.ca/GrilleUsage/?zoneid=H1436,Arrondissement de Fleurimont,https://www.google.com/maps/search/?api=1&query=363+RUE+CODERE+Arrondissement+de+Fleurimont
365 RUE CODERE,RUE CODERE,H1436,https://cartes.ville.sherbrooke.qc.ca/GrilleUsage/?zoneid=H1436,Arrondissement de Fleurimont,https://www.google.com/maps/search/?api=1&query=365+RUE+CODERE+Arrondissement+de+Fleurimont
495 RUE MONTMAGNY,RUE MONTMAGNY,H0377,https://cartes.ville.sherbrooke.qc.ca/GrilleUsage/?zoneid=H0377,Arrondissement des Nations,https://www.google.com/maps/search/?api=1&query=495+RUE+MONTMAGNY+Arrondissement+des+Nations
57 RUE DES PERLES,RUE PERLES,H0234,https://cartes.ville.sherbrooke.qc.ca/GrilleUsage/?zoneid=H0234,Arrondissement de Brompton–Rock Forest–Saint-Élie–Deauville,https://www.google.com/maps/search/?api=1&query=57+RUE+DES+PERLES+Arrondissement+de+Brompton%E2%80%93Rock+Forest%E2%80%93Saint-%C3%89lie%E2%80%93Deauville
5513 RUE DORION,RUE DORION,H0025,https://cartes.ville.sherbrooke.qc.ca/GrilleUsage/?zoneid=H0025,Arrondissement de Brompton–Rock Forest–Saint-Élie–Deauville,https://www.google.com/maps/search/?api=1&query=5513+RUE+DORION+Arrondissement+de+Brompton%E2%80%93Rock+Forest%E2%80%93Saint-%C3%89lie%E2%80%93Deauville
935 RUE BERTRAND,RUE BERTRAND,H1059,https://cartes.ville.sherbrooke.qc.ca/GrilleUsage/?zoneid=H1059,Arrondissement des Nations,https://www.google.com/maps/search/?api=1&query=935+RUE+BERTRAND+Arrondissement+des+Nations
932 RUE MCMANAMY,RUE MCMANAMY,H1069,https://cartes.ville.sherbrooke.qc.ca/GrilleUsage/?zoneid=H1069,Arrondissement des Nations,https://www.google.com/maps/search/?api=1&query=932+RUE+MCMANAMY+Arrondissement+des+Nations
1210 RUE DE GRENOBLE,RUE GRENOBLE,H1626,https://cartes.ville.sherbrooke.qc.ca/GrilleUsage/?zoneid=H1626,Arrondissement de Fleurimont,https://www.google.com/maps/search/?api=1&query=1210+RUE+DE+GRENOBLE+Arrondissement+de+Fleurimont
1386 RUE SAINT GILLES,RUE SAINT-GILLES,H1047,https://cartes.ville.sherbrooke.qc.ca/GrilleUsage/?zoneid=H1047,Arrondissement des Nations,https://www.google.com/maps/search/?api=1&query=1386+RUE+SAINT+GILLES+Arrondissement+des+Nations
865 RUE HERVE,RUE HERVE,H0205,https://cartes.ville.sherbrooke.qc.ca/GrilleUsage/?zoneid=H0205,Arrondissement de Brompton–Rock Forest–Saint-Élie–Deauville,https://www.google.com/maps/search/?api=1&query=865+RUE+HERVE+Arrondissement+de+Brompton%E2%80%93Rock+Forest%E2%80%93Saint-%C3%89lie%E2%80%93Deauville
4037 BOULEVARD DE L'UNIVERSITE,BOULEVARD UNIVERSITE,H0045,https://cartes.ville.sherbrooke.qc.ca/GrilleUsage/?zoneid=H0045,Arrondissement des Nations,https://www.google.com/maps/search/?api=1&query=4037+BOULEVARD+DE+L%27UNIVERSITE+Arrondissement+des+Nations
632 RUE SAINT PATRICK,RUE SAINT-PATRICK,H0179,https://cartes.ville.sherbrooke.qc.ca/GrilleUsage/?zoneid=H0179,Arrondissement de Brompton–Rock Forest–Saint-Élie–Deauville,https://www.google.com/maps/search/?api=1&query=632+RUE+SAINT+PATRICK+Arrondissement+de+Brompton%E2%80%93Rock+Forest%E2%80%93Saint-%C3%89lie%E2%80%93Deauville
100 RUE DU LAC,RUE LAC,H0084,https://cartes.ville.sherbrooke.qc.ca/GrilleUsage/?zoneid=H0084,Arrondissement de Brompton–Rock Forest–Saint-Élie–Deauville,https://www.google.com/maps/search/?api=1&query=100+RUE+DU+LAC+Arrondissement+de+Brompton%E2%80%93Rock+Forest%E2%80%93Saint-%C3%89lie%E2%80%93Deauville
800 RUE DE VIMY,RUE VIMY,H0445,https://cartes.ville.sherbrooke.qc.ca/GrilleUsage/?zoneid=H0445,Arrondissement des Nations,https://www.google.com/maps/search/?api=1&query=800+RUE+DE+VIMY+Arrondissement+des+Nations
367 RUE CODERE,RUE CODERE,H1436,https://cartes.ville.sherbrooke.qc.ca/GrilleUsage/?zoneid=H1436,Arrondissement de Fleurimont,https://www.google.com/maps/search/?api=1&query=367+RUE+CODERE+Arrondissement+de+Fleurimont
2336 CHEMIN DE SAINTE CATHERINE,CHEMIN SAINTE-CATHERINE,H0146,https://cartes.ville.sherbrooke.qc.ca/GrilleUsage/?zoneid=H0146,Arrondissement des Nations,https://www.google.com/maps/search/?api=1&query=2336+CHEMIN+DE+SAINTE+CATHERINE+Arrondissement+des+Nations
2874 RUE DE TROIS RIVIERES,RUE TROIS-RIVIERES,H0053,https://cartes.ville.sherbrooke.qc.ca/GrilleUsage/?zoneid=H0053,Arrondissement des Nations,https://www.google.com/maps/search/?api=1&query=2874+RUE+DE+TROIS+RIVIERES+Arrondissement+des+Nations
469 RUE DU SOIR D'HIVER,RUE SOIR-D'HIVER,H0621,https://cartes.ville.sherbrooke.qc.ca/GrilleUsage/?zoneid=H0621,Arrondissement des Nations,https://www.google.com/maps/search/?api=1&query=469+RUE+DU+SOIR+D%27HIVER+Arrondissement+des+Nations
473 RUE DU SOIR D'HIVER,RUE SOIR-D'HIVER,H0621,https://cartes.ville.sherbrooke.qc.ca/GrilleUsage/?zoneid=H0621,Arrondissement des Nations,https://www.google.com/maps/search/?api=1&query=473+RUE+DU+SOIR+D%27HIVER+Arrondissement+des+Nations
1936 RUE CAROLINE THERRIEN,RUE CAROLINE-THERRIEN,H0614,https://cartes.ville.sherbrooke.qc.ca/GrilleUsage/?zoneid=H0614,Arrondissement des Nations,https://www.google.com/maps/search/?api=1&query=1936+RUE+CAROLINE+THERRIEN+Arrondissement+des+Nations
1035 RUE LOUIS N. AUDET,RUE LOUIS-N.-AUDET,H0302,https://cartes.ville.sherbrooke.qc.ca/GrilleUsage/?zoneid=H0302,Arrondissement des Nations,https://www.google.com/maps/search/?api=1&query=1035+RUE+LOUIS+N.+AUDET+Arrondissement+des+Nations
2140 RUE LAJOIE,RUE LAJOIE,H0493,https://cartes.ville.sherbrooke.qc.ca/GrilleUsage/?zoneid=H0493,Arrondissement des Nations,https://www.google.com/maps/search/?api=1&query=2140+RUE+LAJOIE+Arrondissement+des+Nations
378 RUE DE L'ASSOMPTION,RUE ASSOMPTION,H1435,https://cartes.ville.sherbrooke.qc.ca/GrilleUsage/?zoneid=H1435,Arrondissement de Fleurimont,https://www.google.com/maps/search/?api=1&query=378+RUE+DE+L%27ASSOMPTION+Arrondissement+de+Fleurimont
1571 RUE JOLLIET,RUE JOLLIET,H0910,https://cartes.ville.sherbrooke.qc.ca/GrilleUsage/?zoneid=H0910,Arrondissement des Nations,https://www.google.com/maps/search/?api=1&query=1571+RUE+JOLLIET+Arrondissement+des+Nations
1351 RUE ALICE CAMPBELL,RUE ALICE-CAMPBELL,H1921,https://cartes.ville.sherbrooke.qc.ca/GrilleUsage/?zoneid=H1921,Arrondissement des Nations,https://www.google.com/maps/search/?api=1&query=1351+RUE+ALICE+CAMPBELL+Arrondissement+des+Nations
677 12E AVENUE N,AVENUE 12E,H1425,https://cartes.ville.sherbrooke.qc.ca/GrilleUsage/?zoneid=H1425,Arrondissement de Fleurimont,https://www.google.com/maps/search/?api=1&query=677+12E+AVENUE+N+Arrondissement+de+Fleurimont
1100 RUE ALBERT CHARPENTIER,RUE ALBERT-CHARPENTIER,H0307,https://cartes.ville.sherbrooke.qc.ca/GrilleUsage/?zoneid=H0307,Arrondissement des Nations,https://www.google.com/maps/search/?api=1&query=1100+RUE+ALBERT+CHARPENTIER+Arrondissement+des+Nations
666 RUE O'BREADY,RUE O'BREADY,H0314,https://cartes.ville.sherbrooke.qc.ca/GrilleUsage/?zoneid=H0314,Arrondissement des Nations,https://www.google.com/maps/search/?api=1&query=666+RUE+O%27BREADY+Arrondissement+des+Nations
2542 RUE DESCOTEAUX,RUE DESCOTEAUX,H1006,https://cartes.ville.sherbrooke.qc.ca/GrilleUsage/?zoneid=H1006,Arrondissement des Nations,https://www.google.com/maps/search/?api=1&query=2542+RUE+DESCOTEAUX+Arrondissement+des+Nations
820 RUE EMILE ZOLA,RUE EMILE-ZOLA,H0407,https://cartes.ville.sherbrooke.qc.ca/GrilleUsage/?zoneid=H0407,Arrondissement des Nations,https://www.google.com/maps/search/?api=1&query=820+RUE+EMILE+ZOLA+Arrondissement+des+Nations
1111 RUE LAMARCHE,RUE LAMARCHE,H0889,https://cartes.ville.sherbrooke.qc.ca/GrilleUsage/?zoneid=H0889,Arrondissement des Nations,https://www.google.com/maps/search/?api=1&query=1111+RUE+LAMARCHE+Arrondissement+des+Nations
400 CHEMIN DUPLESSIS,CHEMIN DUPLESSIS,H1871,https://cartes.ville.sherbrooke.qc.ca/GrilleUsage/?zoneid=H1871,Arrondissement de Fleurimont,https://www.google.com/maps/search/?api=1&query=400+CHEMIN+DUPLESSIS+Arrondissement+de+Fleurimont
2307 RUE DE LA GOLCONDA,RUE GOLCONDA,H1822,https://cartes.ville.sherbrooke.qc.ca/GrilleUsage/?zoneid=H1822,Arrondissement des Nations,https://www.google.com/maps/search/?api=1&query=2307+RUE+DE+LA+GOLCONDA+Arrondissement+des+Nations
427 RUE DES MILLE ABEILLES,RUE MILLE-ABEILLES,H0621,https://cartes.ville.sherbrooke.qc.ca/GrilleUsage/?zoneid=H0621,Arrondissement des Nations,https://www.google.com/maps/search/?api=1&query=427+RUE+DES+MILLE+ABEILLES+Arrondissement+des+Nations
1044 RUE BESNER,RUE BESNER,H1873,https://cartes.ville.sherbrooke.qc.ca/GrilleUsage/?zoneid=H1873,Arrondissement de Brompton–Rock Forest–Saint-Élie–Deauville,https://www.google.com/maps/search/?api=1&query=1044+RUE+BESNER+Arrondissement+de+Brompton%E2%80%93Rock+Forest%E2%80%93Saint-%C3%89lie%E2%80%93Deauville
1040 RUE BESNER,RUE BESNER,H1873,https://cartes.ville.sherbrooke.qc.ca/GrilleUsage/?zoneid=H1873,Arrondissement de Brompton–Rock Forest–Saint-Élie–Deauville,https://www.google.com/maps/search/?api=1&query=1040+RUE+BESNER+Arrondissement+de+Brompton%E2%80%93Rock+Forest%E2%80%93Saint-%C3%89lie%E2%80%93Deauville
1500 RUE JAMES QUINTIN,RUE JAMES-QUINTIN,H1156,https://cartes.ville.sherbrooke.qc.ca/GrilleUsage/?zoneid=H1156,Arrondissement de Fleurimont,https://www.google.com/maps/search/?api=1&query=1500+RUE+JAMES+QUINTIN+Arrondissement+de+Fleurimont
4242 RUE DU PAVILLON,RUE PAVILLON,H0155,https://cartes.ville.sherbrooke.qc.ca/GrilleUsage/?zoneid=H0155,Arrondissement de Brompton–Rock Forest–Saint-Élie–Deauville,https://www.google.com/maps/search/?api=1&query=4242+RUE+DU+PAVILLON+Arrondissement+de+Brompton%E2%80%93Rock+Forest%E2%80%93Saint-%C3%89lie%E2%80%93Deauville
1934 RUE CAROLINE THERRIEN,RUE CAROLINE-THERRIEN,H0614,https://cartes.ville.sherbrooke.qc.ca/GrilleUsage/?zoneid=H0614,Arrondissement des Nations,https://www.google.com/maps/search/?api=1&query=1934+RUE+CAROLINE+THERRIEN+Arrondissement+des+Nations
2838 RUE CHARLES BAUDELAIRE,RUE CHARLES-BAUDELAIRE,H0399,https://cartes.ville.sherbrooke.qc.ca/GrilleUsage/?zoneid=H0399,Arrondissement des Nations,https://www.google.com/maps/search/?api=1&query=2838+RUE+CHARLES+BAUDELAIRE+Arrondissement+des+Nations
2834 RUE CHARLES BAUDELAIRE,RUE CHARLES-BAUDELAIRE,H0399,https://cartes.ville.sherbrooke.qc.ca/GrilleUsage/?zoneid=H0399,Arrondissement des Nations,https://www.google.com/maps/search/?api=1&query=2834+RUE+CHARLES+BAUDELAIRE+Arrondissement+des+Nations
1356 CHEMIN DES PELERINS,CHEMIN PELERINS,H1617,https://cartes.ville.sherbrooke.qc.ca/GrilleUsage/?zoneid=H1617,Arrondissement de Fleurimont,https://www.google.com/maps/search/?api=1&query=1356+CHEMIN+DES+PELERINS+Arrondissement+de+Fleurimont
1382 CHEMIN DES PELERINS,CHEMIN PELERINS,H1617,https://cartes.ville.sherbrooke.qc.ca/GrilleUsage/?zoneid=H1617,Arrondissement de Fleurimont,https://www.google.com/maps/search/?api=1&query=1382+CHEMIN+DES+PELERINS+Arrondissement+de+Fleurimont
2869 RUE IGNACE,RUE IGNACE,H0685,https://cartes.ville.sherbrooke.qc.ca/GrilleUsage/?zoneid=H0685,Arrondissement des Nations,https://www.google.com/maps/search/?api=1&query=2869+RUE+IGNACE+Arrondissement+des+Nations
1932 RUE CAROLINE THERRIEN,RUE CAROLINE-THERRIEN,H0614,https://cartes.ville.sherbrooke.qc.ca/GrilleUsage/?zoneid=H0614,Arrondissement des Nations,https://www.google.com/maps/search/?api=1&query=1932+RUE+CAROLINE+THERRIEN+Arrondissement+des+Nations
1835 RUE JEANNINE LEPINE,RUE JEANNINE-LEPINE,H0727,https://cartes.ville.sherbrooke.qc.ca/GrilleUsage/?zoneid=H0727,Arrondissement de Fleurimont,https://www.google.com/maps/search/?api=1&query=1835+RUE+JEANNINE+LEPINE+Arrondissement+de+Fleurimont
1370 CHEMIN SAINT ROCH S,CHEMIN SAINT-ROCH,H0034,https://cartes.ville.sherbrooke.qc.ca/GrilleUsage/?zoneid=H0034,Arrondissement de Brompton–Rock Forest–Saint-Élie–Deauville,https://www.google.com/maps/search/?api=1&query=1370+CHEMIN+SAINT+ROCH+S+Arrondissement+de+Brompton%E2%80%93Rock+Forest%E2%80%93Saint-%C3%89lie%E2%80%93Deauville
1301 RUE DES IMMORTELLES,RUE IMMORTELLES,H1482,https://cartes.ville.sherbrooke.qc.ca/GrilleUsage/?zoneid=H1482,Arrondissement de Fleurimont,https://www.google.com/maps/search/?api=1&query=1301+RUE+DES+IMMORTELLES+Arrondissement+de+Fleurimont
1303 RUE DES IMMORTELLES,RUE IMMORTELLES,H1482,https://cartes.ville.sherbrooke.qc.ca/GrilleUsage/?zoneid=H1482,Arrondissement de Fleurimont,https://www.google.com/maps/search/?api=1&query=1303+RUE+DES+IMMORTELLES+Arrondissement+de+Fleurimont
2016 RUE PROSPECT,RUE PROSPECT,H0391,https://cartes.ville.sherbrooke.qc.ca/GrilleUsage/?zoneid=H0391,Arrondissement des Nations,https://www.google.com/maps/search/?api=1&query=2016+RUE+PROSPECT+Arrondissement+des+Nations
2006 RUE PROSPECT,RUE PROSPECT,H0391,https://cartes.ville.sherbrooke.qc.ca/GrilleUsage/?zoneid=H0391,Arrondissement des Nations,https://www.google.com/maps/search/?api=1&query=2006+RUE+PROSPECT+Arrondissement+des+Nations
2008 RUE PROSPECT,RUE PROSPECT,H0391,https://cartes.ville.sherbrooke.qc.ca/GrilleUsage/?zoneid=H0391,Arrondissement des Nations,https://www.google.com/maps/search/?api=1&query=2008+RUE+PROSPECT+Arrondissement+des+Nations
2010 RUE PROSPECT,RUE PROSPECT,H0391,https://cartes.ville.sherbrooke.qc.ca/GrilleUsage/?zoneid=H0391,Arrondissement des Nations,https://www.google.com/maps/search/?api=1&query=2010+RUE+PROSPECT+Arrondissement+des+Nations
2012 RUE PROSPECT,RUE PROSPECT,H0391,https://cartes.ville.sherbrooke.qc.ca/GrilleUsage/?zoneid=H0391,Arrondissement des Nations,https://www.google.com/maps/search/?api=1&query=2012+RUE+PROSPECT+Arrondissement+des+Nations
573 RUE MALOUIN,RUE MALOUIN,H0473,https://cartes.ville.sherbrooke.qc.ca/GrilleUsage/?zoneid=H0473,Arrondissement des Nations,https://www.google.com/maps/search/?api=1&query=573+RUE+MALOUIN+Arrondissement+des+Nations
751 RUE DUVERNAY,RUE DUVERNAY,H0410,https://cartes.ville.sherbrooke.qc.ca/GrilleUsage/?zoneid=H0410,Arrondissement des Nations,https://www.google.com/maps/search/?api=1&query=751+RUE+DUVERNAY+Arrondissement+des+Nations
860 RUE PAUL DESRUISSEAUX,RUE PAUL-DESRUISSEAUX,H0417,https://cartes.ville.sherbrooke.qc.ca/GrilleUsage/?zoneid=H0417,Arrondissement des Nations,https://www.google.com/maps/search/?api=1&query=860+RUE+PAUL+DESRUISSEAUX+Arrondissement+des+Nations
21 RUE RIOUX,RUE RIOUX,H1856,https://cartes.ville.sherbrooke.qc.ca/GrilleUsage/?zoneid=H1856,Arrondissement des Nations,https://www.google.com/maps/search/?api=1&query=21+RUE+RIOUX+Arrondissement+des+Nations
1354 CHEMIN DES PELERINS,CHEMIN PELERINS,H1617,https://cartes.ville.sherbrooke.qc.ca/GrilleUsage/?zoneid=H1617,Arrondissement de Fleurimont,https://www.google.com/maps/search/?api=1&query=1354+CHEMIN+DES+PELERINS+Arrondissement+de+Fleurimont
2836 RUE CHARLES BAUDELAIRE,RUE CHARLES-BAUDELAIRE,H0399,https://cartes.ville.sherbrooke.qc.ca/GrilleUsage/?zoneid=H0399,Arrondissement des Nations,https://www.google.com/maps/search/?api=1&query=2836+RUE+CHARLES+BAUDELAIRE+Arrondissement+des+Nations
1299 RUE DES IMMORTELLES,RUE IMMORTELLES,H1482,https://cartes.ville.sherbrooke.qc.ca/GrilleUsage/?zoneid=H1482,Arrondissement de Fleurimont,https://www.google.com/maps/search/?api=1&query=1299+RUE+DES+IMMORTELLES+Arrondissement+de+Fleurimont
939 RUE DU HAUT BOIS S,RUE HAUT-BOIS,H0200,https://cartes.ville.sherbrooke.qc.ca/GrilleUsage/?zoneid=H0200,Arrondissement de Brompton–Rock Forest–Saint-Élie–Deauville,https://www.google.com/maps/search/?api=1&query=939+RUE+DU+HAUT+BOIS+S+Arrondissement+de+Brompton%E2%80%93Rock+Forest%E2%80%93Saint-%C3%89lie%E2%80%93Deauville
464 RUE DES ERABLES,RUE ERABLES,H0321,https://cartes.ville.sherbrooke.qc.ca/GrilleUsage/?zoneid=H0321,Arrondissement des Nations,https://www.google.com/maps/search/?api=1&query=464+RUE+DES+ERABLES+Arrondissement+des+Nations
167 RUE DE LA MONTEE,RUE MONTEE,H1100,https://cartes.ville.sherbrooke.qc.ca/GrilleUsage/?zoneid=H1100,Arrondissement des Nations,https://www.google.com/maps/search/?api=1&query=167+RUE+DE+LA+MONTEE+Arrondissement+des+Nations
171 RUE DE LA MONTEE,RUE MONTEE,H1100,https://cartes.ville.sherbrooke.qc.ca/GrilleUsage/?zoneid=H1100,Arrondissement des Nations,https://www.google.com/maps/search/?api=1&query=171+RUE+DE+LA+MONTEE+Arrondissement+des+Nations
1646 RUE CHANTAL NAVERT,RUE CHANTAL-NAVERT,H0183,https://cartes.ville.sherbrooke.qc.ca/GrilleUsage/?zoneid=H0183,Arrondissement des Nations,https://www.google.com/maps/search/?api=1&query=1646+RUE+CHANTAL+NAVERT+Arrondissement+des+Nations
4787 RUE BELLAVANCE,RUE BELLAVANCE,H0297,https://cartes.ville.sherbrooke.qc.ca/GrilleUsage/?zoneid=H0297,Arrondissement de Brompton–Rock Forest–Saint-Élie–Deauville,https://www.google.com/maps/search/?api=1&query=4787+RUE+BELLAVANCE+Arrondissement+de+Brompton%E2%80%93Rock+Forest%E2%80%93Saint-%C3%89lie%E2%80%93Deauville
4791 RUE BELLAVANCE,RUE BELLAVANCE,H0297,https://cartes.ville.sherbrooke.qc.ca/GrilleUsage/?zoneid=H0297,Arrondissement de Brompton–Rock Forest–Saint-Élie–Deauville,https://www.google.com/maps/search/?api=1&query=4791+RUE+BELLAVANCE+Arrondissement+de+Brompton%E2%80%93Rock+Forest%E2%80%93Saint-%C3%89lie%E2%80%93Deauville
4795 RUE BELLAVANCE,RUE BELLAVANCE,H0297,https://cartes.ville.sherbrooke.qc.ca/GrilleUsage/?zoneid=H0297,Arrondissement de Brompton–Rock Forest–Saint-Élie–Deauville,https://www.google.com/maps/search/?api=1&query=4795+RUE+BELLAVANCE+Arrondissement+de+Brompton%E2%80%93Rock+Forest%E2%80%93Saint-%C3%89lie%E2%80%93Deauville
470 RUE DE BOISCHATEL,RUE BOISCHATEL,H0388,https://cartes.ville.sherbrooke.qc.ca/GrilleUsage/?zoneid=H0388,Arrondissement des Nations,https://www.google.com/maps/search/?api=1&query=470+RUE+DE+BOISCHATEL+Arrondissement+des+Nations
619 RUE MALOUIN,RUE MALOUIN,H0473,https://cartes.ville.sherbrooke.qc.ca/GrilleUsage/?zoneid=H0473,Arrondissement des Nations,https://www.google.com/maps/search/?api=1&query=619+RUE+MALOUIN+Arrondissement+des+Nations
920 RUE EMILE ZOLA,RUE EMILE-ZOLA,H0406,https://cartes.ville.sherbrooke.qc.ca/GrilleUsage/?zoneid=H0406,Arrondissement des Nations,https://www.google.com/maps/search/?api=1&query=920+RUE+EMILE+ZOLA+Arrondissement+des+Nations
2946 RUE DU SAUVIGNON,RUE SAUVIGNON,H0325,https://cartes.ville.sherbrooke.qc.ca/GrilleUsage/?zoneid=H0325,Arrondissement des Nations,https://www.google.com/maps/search/?api=1&query=2946+RUE+DU+SAUVIGNON+Arrondissement+des+Nations
1420 RUE DESGAGNE,RUE DESGAGNE,H0443,https://cartes.ville.sherbrooke.qc.ca/GrilleUsage/?zoneid=H0443,Arrondissement des Nations,https://www.google.com/maps/search/?api=1&query=1420+RUE+DESGAGNE+Arrondissement+des+Nations
920 RUE EMILE ZOLA,RUE EMILE-ZOLA,H0406,https://cartes.ville.sherbrooke.qc.ca/GrilleUsage/?zoneid=H0406,Arrondissement des Nations,https://www.google.com/maps/search/?api=1&query=920+RUE+EMILE+ZOLA+Arrondissement+des+Nations
1305 RUE DES IMMORTELLES,RUE IMMORTELLES,H1482,https://cartes.ville.sherbrooke.qc.ca/GrilleUsage/?zoneid=H1482,Arrondissement de Fleurimont,https://www.google.com/maps/search/?api=1&query=1305+RUE+DES+IMMORTELLES+Arrondissement+de+Fleurimont
495 RUE ARMAND CREPEAU,RUE ARMAND-CREPEAU,H0475,https://cartes.ville.sherbrooke.qc.ca/GrilleUsage/?zoneid=H0475,Arrondissement des Nations,https://www.google.com/maps/search/?api=1&query=495+RUE+ARMAND+CREPEAU+Arrondissement+des+Nations
1861 RUE D'ORLEANS,RUE ORLEANS,H1262,https://cartes.ville.sherbrooke.qc.ca/GrilleUsage/?zoneid=H1262,Arrondissement des Nations,https://www.google.com/maps/search/?api=1&query=1861+RUE+D%27ORLEANS+Arrondissement+des+Nations
1294 RUE BRULOTTE,RUE BRULOTTE,H1644,https://cartes.ville.sherbrooke.qc.ca/GrilleUsage/?zoneid=H1644,Arrondissement de Fleurimont,https://www.google.com/maps/search/?api=1&query=1294+RUE+BRULOTTE+Arrondissement+de+Fleurimont
1370 RUE MARINI,RUE MARINI,H0183,https://cartes.ville.sherbrooke.qc.ca/GrilleUsage/?zoneid=H0183,Arrondissement des Nations,https://www.google.com/maps/search/?api=1&query=1370+RUE+MARINI+Arrondissement+des+Nations
10361 RUE DES RIVERAINS,RUE RIVERAINS,H0026,https://cartes.ville.sherbrooke.qc.ca/GrilleUsage/?zoneid=H0026,Arrondissement de Brompton–Rock Forest–Saint-Élie–Deauville,https://www.google.com/maps/search/?api=1&query=10361+RUE+DES+RIVERAINS+Arrondissement+de+Brompton%E2%80%93Rock+Forest%E2%80%93Saint-%C3%89lie%E2%80%93Deauville
784 PLACE GOUPIL,PLACE GOUPIL,H1423,https://cartes.ville.sherbrooke.qc.ca/GrilleUsage/?zoneid=H1423,Arrondissement de Fleurimont,https://www.google.com/maps/search/?api=1&query=784+PLACE+GOUPIL+Arrondissement+de+Fleurimont
786 PLACE GOUPIL,PLACE GOUPIL,H1423,https://cartes.ville.sherbrooke.qc.ca/GrilleUsage/?zoneid=H1423,Arrondissement de Fleurimont,https://www.google.com/maps/search/?api=1&query=786+PLACE+GOUPIL+Arrondissement+de+Fleurimont
479 RUE DE LA SUCRERIE,RUE SUCRERIE,H0757,https://cartes.ville.sherbrooke.qc.ca/GrilleUsage/?zoneid=H0757,Arrondissement de Fleurimont,https://www.google.com/maps/search/?api=1&query=479+RUE+DE+LA+SUCRERIE+Arrondissement+de+Fleurimont
163 RUE DE LA MONTEE,RUE MONTEE,H1100,https://cartes.ville.sherbrooke.qc.ca/GrilleUsage/?zoneid=H1100,Arrondissement des Nations,https://www.google.com/maps/search/?api=1&query=163+RUE+DE+LA+MONTEE+Arrondissement+des+Nations
41 RUE DUNCAN BRUCE,RUE DUNCAN-BRUCE,H1520,https://cartes.ville.sherbrooke.qc.ca/GrilleUsage/?zoneid=H1520,Arrondissement de Lennoxville,https://www.google.com/maps/search/?api=1&query=41+RUE+DUNCAN+BRUCE+Arrondissement+de+Lennoxville
1168 RUE VICTOR DUPUIS,RUE VICTOR-DUPUIS,H0306,https://cartes.ville.sherbrooke.qc.ca/GrilleUsage/?zoneid=H0306,Arrondissement des Nations,https://www.google.com/maps/search/?api=1&query=1168+RUE+VICTOR+DUPUIS+Arrondissement+des+Nations
377 RUE DE L'ASSOMPTION,RUE ASSOMPTION,H1435,https://cartes.ville.sherbrooke.qc.ca/GrilleUsage/?zoneid=H1435,Arrondissement de Fleurimont,https://www.google.com/maps/search/?api=1&query=377+RUE+DE+L%27ASSOMPTION+Arrondissement+de+Fleurimont
396 RUE DE L'ASSOMPTION,RUE ASSOMPTION,H1435,https://cartes.ville.sherbrooke.qc.ca/GrilleUsage/?zoneid=H1435,Arrondissement de Fleurimont,https://www.google.com/maps/search/?api=1&query=396+RUE+DE+L%27ASSOMPTION+Arrondissement+de+Fleurimont
804 PLACE GOUPIL,PLACE GOUPIL,H1423,https://cartes.ville.sherbrooke.qc.ca/GrilleUsage/?zoneid=H1423,Arrondissement de Fleurimont,https://www.google.com/maps/search/?api=1&query=804+PLACE+GOUPIL+Arrondissement+de+Fleurimont
812 PLACE GOUPIL,PLACE GOUPIL,H1423,https://cartes.ville.sherbrooke.qc.ca/GrilleUsage/?zoneid=H1423,Arrondissement de Fleurimont,https://www.google.com/maps/search/?api=1&query=812+PLACE+GOUPIL+Arrondissement+de+Fleurimont
806 PLACE GOUPIL,PLACE GOUPIL,H1423,https://cartes.ville.sherbrooke.qc.ca/GrilleUsage/?zoneid=H1423,Arrondissement de Fleurimont,https://www.google.com/maps/search/?api=1&query=806+PLACE+GOUPIL+Arrondissement+de+Fleurimont
808 PLACE GOUPIL,PLACE GOUPIL,H1423,https://cartes.ville.sherbrooke.qc.ca/GrilleUsage/?zoneid=H1423,Arrondissement de Fleurimont,https://www.google.com/maps/search/?api=1&query=808+PLACE+GOUPIL+Arrondissement+de+Fleurimont
783 PLACE GOUPIL,PLACE GOUPIL,H1423,https://cartes.ville.sherbrooke.qc.ca/GrilleUsage/?zoneid=H1423,Arrondissement de Fleurimont,https://www.google.com/maps/search/?api=1&query=783+PLACE+GOUPIL+Arrondissement+de+Fleurimont
2586 RUE RAIMBAULT,RUE RAIMBAULT,H0543,https://cartes.ville.sherbrooke.qc.ca/GrilleUsage/?zoneid=H0543,Arrondissement des Nations,https://www.google.com/maps/search/?api=1&query=2586+RUE+RAIMBAULT+Arrondissement+des+Nations
743 RUE DUVERNAY,RUE DUVERNAY,H0410,https://cartes.ville.sherbrooke.qc.ca/GrilleUsage/?zoneid=H0410,Arrondissement des Nations,https://www.google.com/maps/search/?api=1&query=743+RUE+DUVERNAY+Arrondissement+des+Nations
745 RUE DUVERNAY,RUE DUVERNAY,H0410,https://cartes.ville.sherbrooke.qc.ca/GrilleUsage/?zoneid=H0410,Arrondissement des Nations,https://www.google.com/maps/search/?api=1&query=745+RUE+DUVERNAY+Arrondissement+des+Nations
747 RUE DUVERNAY,RUE DUVERNAY,H0410,https://cartes.ville.sherbrooke.qc.ca/GrilleUsage/?zoneid=H0410,Arrondissement des Nations,https://www.google.com/maps/search/?api=1&query=747+RUE+DUVERNAY+Arrondissement+des+Nations
173 RUE DE LA MONTEE,RUE MONTEE,H1100,https://cartes.ville.sherbrooke.qc.ca/GrilleUsage/?zoneid=H1100,Arrondissement des Nations,https://www.google.com/maps/search/?api=1&query=173+RUE+DE+LA+MONTEE+Arrondissement+des+Nations
175 RUE DE LA MONTEE,RUE MONTEE,H1100,https://cartes.ville.sherbrooke.qc.ca/GrilleUsage/?zoneid=H1100,Arrondissement des Nations,https://www.google.com/maps/search/?api=1&query=175+RUE+DE+LA+MONTEE+Arrondissement+des+Nations
1297 RUE DES IMMORTELLES,RUE IMMORTELLES,H1482,https://cartes.ville.sherbrooke.qc.ca/GrilleUsage/?zoneid=H1482,Arrondissement de Fleurimont,https://www.google.com/maps/search/?api=1&query=1297+RUE+DES+IMMORTELLES+Arrondissement+de+Fleurimont
21 RUE CHURCH,RUE CHURCH,H1880,https://cartes.ville.sherbrooke.qc.ca/GrilleUsage/?zoneid=H1880,Arrondissement de Lennoxville,https://www.google.com/maps/search/?api=1&query=21+RUE+CHURCH+Arrondissement+de+Lennoxville
2150 RUE LAJOIE,RUE LAJOIE,H0493,https://cartes.ville.sherbrooke.qc.ca/GrilleUsage/?zoneid=H0493,Arrondissement des Nations,https://www.google.com/maps/search/?api=1&query=2150+RUE+LAJOIE+Arrondissement+des+Nations
165 RUE DE LA MONTEE,RUE MONTEE,H1100,https://cartes.ville.sherbrooke.qc.ca/GrilleUsage/?zoneid=H1100,Arrondissement des Nations,https://www.google.com/maps/search/?api=1&query=165+RUE+DE+LA+MONTEE+Arrondissement+des+Nations
169 RUE DE LA MONTEE,RUE MONTEE,H1100,https://cartes.ville.sherbrooke.qc.ca/GrilleUsage/?zoneid=H1100,Arrondissement des Nations,https://www.google.com/maps/search/?api=1&query=169+RUE+DE+LA+MONTEE+Arrondissement+des+Nations
2867 RUE IGNACE,RUE IGNACE,H0685,https://cartes.ville.sherbrooke.qc.ca/GrilleUsage/?zoneid=H0685,Arrondissement des Nations,https://www.google.com/maps/search/?api=1&query=2867+RUE+IGNACE+Arrondissement+des+Nations
2004 RUE PROSPECT,RUE PROSPECT,H0391,https://cartes.ville.sherbrooke.qc.ca/GrilleUsage/?zoneid=H0391,Arrondissement des Nations,https://www.google.com/maps/search/?api=1&query=2004+RUE+PROSPECT+Arrondissement+des+Nations
2014 RUE PROSPECT,RUE PROSPECT,H0391,https://cartes.ville.sherbrooke.qc.ca/GrilleUsage/?zoneid=H0391,Arrondissement des Nations,https://www.google.com/maps/search/?api=1&query=2014+RUE+PROSPECT+Arrondissement+des+Nations
2018 RUE PROSPECT,RUE PROSPECT,H0391,https://cartes.ville.sherbrooke.qc.ca/GrilleUsage/?zoneid=H0391,Arrondissement des Nations,https://www.google.com/maps/search/?api=1&query=2018+RUE+PROSPECT+Arrondissement+des+Nations
4785 RUE MARECHAL,RUE MARECHAL,H0937,https://cartes.ville.sherbrooke.qc.ca/GrilleUsage/?zoneid=H0937,Arrondissement de Brompton–Rock Forest–Saint-Élie–Deauville,https://www.google.com/maps/search/?api=1&query=4785+RUE+MARECHAL+Arrondissement+de+Brompton%E2%80%93Rock+Forest%E2%80%93Saint-%C3%89lie%E2%80%93Deauville
1049 RUE MCCREA,RUE MCCREA,H0305,https://cartes.ville.sherbrooke.qc.ca/GrilleUsage/?zoneid=H0305,Arrondissement des Nations,https://www.google.com/maps/search/?api=1&query=1049+RUE+MCCREA+Arrondissement+des+Nations
493 RUE ARMAND CREPEAU,RUE ARMAND-CREPEAU,H0475,https://cartes.ville.sherbrooke.qc.ca/GrilleUsage/?zoneid=H0475,Arrondissement des Nations,https://www.google.com/maps/search/?api=1&query=493+RUE+ARMAND+CREPEAU+Arrondissement+des+Nations
1435 RUE LINCOLN,RUE LINCOLN,H1036,https://cartes.ville.sherbrooke.qc.ca/GrilleUsage/?zoneid=H1036,Arrondissement des Nations,https://www.google.com/maps/search/?api=1&query=1435+RUE+LINCOLN+Arrondissement+des+Nations
1296 RUE BRULOTTE,RUE BRULOTTE,H1644,https://cartes.ville.sherbrooke.qc.ca/GrilleUsage/?zoneid=H1644,Arrondissement de Fleurimont,https://www.google.com/maps/search/?api=1&query=1296+RUE+BRULOTTE+Arrondissement+de+Fleurimont
1292 RUE BRULOTTE,RUE BRULOTTE,H1644,https://cartes.ville.sherbrooke.qc.ca/GrilleUsage/?zoneid=H1644,Arrondissement de Fleurimont,https://www.google.com/maps/search/?api=1&query=1292+RUE+BRULOTTE+Arrondissement+de+Fleurimont
816 PLACE GOUPIL,PLACE GOUPIL,H1423,https://cartes.ville.sherbrooke.qc.ca/GrilleUsage/?zoneid=H1423,Arrondissement de Fleurimont,https://www.google.com/maps/search/?api=1&query=816+PLACE+GOUPIL+Arrondissement+de+Fleurimont
810 PLACE GOUPIL,PLACE GOUPIL,H1423,https://cartes.ville.sherbrooke.qc.ca/GrilleUsage/?zoneid=H1423,Arrondissement de Fleurimont,https://www.google.com/maps/search/?api=1&query=810+PLACE+GOUPIL+Arrondissement+de+Fleurimont
788 PLACE GOUPIL,PLACE GOUPIL,H1423,https://cartes.ville.sherbrooke.qc.ca/GrilleUsage/?zoneid=H1423,Arrondissement de Fleurimont,https://www.google.com/maps/search/?api=1&query=788+PLACE+GOUPIL+Arrondissement+de+Fleurimont
1727 RUE ERNEST THERRIAULT,RUE ERNEST-THERRIAULT,H1644,https://cartes.ville.sherbrooke.qc.ca/GrilleUsage/?zoneid=H1644,Arrondissement de Fleurimont,https://www.google.com/maps/search/?api=1&query=1727+RUE+ERNEST+THERRIAULT+Arrondissement+de+Fleurimont
3367 RUE D'HOLLYWOOD,RUE HOLLYWOOD,H0031,https://cartes.ville.sherbrooke.qc.ca/GrilleUsage/?zoneid=H0031,Arrondissement de Brompton–Rock Forest–Saint-Élie–Deauville,https://www.google.com/maps/search/?api=1&query=3367+RUE+D%27HOLLYWOOD+Arrondissement+de+Brompton%E2%80%93Rock+Forest%E2%80%93Saint-%C3%89lie%E2%80%93Deauville
3347 RUE D'HOLLYWOOD,RUE HOLLYWOOD,H0031,https://cartes.ville.sherbrooke.qc.ca/GrilleUsage/?zoneid=H0031,Arrondissement de Brompton–Rock Forest–Saint-Élie–Deauville,https://www.google.com/maps/search/?api=1&query=3347+RUE+D%27HOLLYWOOD+Arrondissement+de+Brompton%E2%80%93Rock+Forest%E2%80%93Saint-%C3%89lie%E2%80%93Deauville
1485 RUE DIOR,RUE DIOR,H1620,https://cartes.ville.sherbrooke.qc.ca/GrilleUsage/?zoneid=H1620,Arrondissement de Fleurimont,https://www.google.com/maps/search/?api=1&query=1485+RUE+DIOR+Arrondissement+de+Fleurimont
1285 RUE DES IMMORTELLES,RUE IMMORTELLES,H1482,https://cartes.ville.sherbrooke.qc.ca/GrilleUsage/?zoneid=H1482,Arrondissement de Fleurimont,https://www.google.com/maps/search/?api=1&query=1285+RUE+DES+IMMORTELLES+Arrondissement+de+Fleurimont
1416 RUE MARINI,RUE MARINI,H0183,https://cartes.ville.sherbrooke.qc.ca/GrilleUsage/?zoneid=H0183,Arrondissement des Nations,https://www.google.com/maps/search/?api=1&query=1416+RUE+MARINI+Arrondissement+des+Nations
1674 RUE MORAND,RUE MORAND,H0183,https://cartes.ville.sherbrooke.qc.ca/GrilleUsage/?zoneid=H0183,Arrondissement des Nations,https://www.google.com/maps/search/?api=1&query=1674+RUE+MORAND+Arrondissement+des+Nations
857 RUE DE GIBRALTAR,RUE GIBRALTAR,H0171,https://cartes.ville.sherbrooke.qc.ca/GrilleUsage/?zoneid=H0171,Arrondissement de Brompton–Rock Forest–Saint-Élie–Deauville,https://www.google.com/maps/search/?api=1&query=857+RUE+DE+GIBRALTAR+Arrondissement+de+Brompton%E2%80%93Rock+Forest%E2%80%93Saint-%C3%89lie%E2%80%93Deauville
283 RUE DES PME,RUE PME,H1216,https://cartes.ville.sherbrooke.qc.ca/GrilleUsage/?zoneid=H1216,Arrondissement de Brompton–Rock Forest–Saint-Élie–Deauville,https://www.google.com/maps/search/?api=1&query=283+RUE+DES+PME+Arrondissement+de+Brompton%E2%80%93Rock+Forest%E2%80%93Saint-%C3%89lie%E2%80%93Deauville
287 RUE DES PME,RUE PME,H1216,https://cartes.ville.sherbrooke.qc.ca/GrilleUsage/?zoneid=H1216,Arrondissement de Brompton–Rock Forest–Saint-Élie–Deauville,https://www.google.com/maps/search/?api=1&query=287+RUE+DES+PME+Arrondissement+de+Brompton%E2%80%93Rock+Forest%E2%80%93Saint-%C3%89lie%E2%80%93Deauville
227 RUE JULES RICHARD,RUE JULES-RICHARD,H0073,https://cartes.ville.sherbrooke.qc.ca/GrilleUsage/?zoneid=H0073,Arrondissement de Brompton–Rock Forest–Saint-Élie–Deauville,https://www.google.com/maps/search/?api=1&query=227+RUE+JULES+RICHARD+Arrondissement+de+Brompton%E2%80%93Rock+Forest%E2%80%93Saint-%C3%89lie%E2%80%93Deauville
2539 RUE YVONNE BOLDUC,RUE YVONNE-BOLDUC,H1919,https://cartes.ville.sherbrooke.qc.ca/GrilleUsage/?zoneid=H1919,Arrondissement des Nations,https://www.google.com/maps/search/?api=1&query=2539+RUE+YVONNE+BOLDUC+Arrondissement+des+Nations
663 RUE DU QUEBEC,RUE QUEBEC,H0486,https://cartes.ville.sherbrooke.qc.ca/GrilleUsage/?zoneid=H0486,Arrondissement des Nations,https://www.google.com/maps/search/?api=1&query=663+RUE+DU+QUEBEC+Arrondissement+des+Nations
6892 RUE EMERY FONTAINE,RUE EMERY-FONTAINE,H0015,https://cartes.ville.sherbrooke.qc.ca/GrilleUsage/?zoneid=H0015,Arrondissement de Brompton–Rock Forest–Saint-Élie–Deauville,https://www.google.com/maps/search/?api=1&query=6892+RUE+EMERY+FONTAINE+Arrondissement+de+Brompton%E2%80%93Rock+Forest%E2%80%93Saint-%C3%89lie%E2%80%93Deauville
1279 RUE DES IMMORTELLES,RUE IMMORTELLES,H1482,https://cartes.ville.sherbrooke.qc.ca/GrilleUsage/?zoneid=H1482,Arrondissement de Fleurimont,https://www.google.com/maps/search/?api=1&query=1279+RUE+DES+IMMORTELLES+Arrondissement+de+Fleurimont
1281 RUE DES IMMORTELLES,RUE IMMORTELLES,H1482,https://cartes.ville.sherbrooke.qc.ca/GrilleUsage/?zoneid=H1482,Arrondissement de Fleurimont,https://www.google.com/maps/search/?api=1&query=1281+RUE+DES+IMMORTELLES+Arrondissement+de+Fleurimont
1283 RUE DES IMMORTELLES,RUE IMMORTELLES,H1482,https://cartes.ville.sherbrooke.qc.ca/GrilleUsage/?zoneid=H1482,Arrondissement de Fleurimont,https://www.google.com/maps/search/?api=1&query=1283+RUE+DES+IMMORTELLES+Arrondissement+de+Fleurimont
3384 RUE D'HOLLYWOOD,RUE HOLLYWOOD,H0031,https://cartes.ville.sherbrooke.qc.ca/GrilleUsage/?zoneid=H0031,Arrondissement de Brompton–Rock Forest–Saint-Élie–Deauville,https://www.google.com/maps/search/?api=1&query=3384+RUE+D%27HOLLYWOOD+Arrondissement+de+Brompton%E2%80%93Rock+Forest%E2%80%93Saint-%C3%89lie%E2%80%93Deauville
3362 RUE D'HOLLYWOOD,RUE HOLLYWOOD,H0031,https://cartes.ville.sherbrooke.qc.ca/GrilleUsage/?zoneid=H0031,Arrondissement de Brompton–Rock Forest–Saint-Élie–Deauville,https://www.google.com/maps/search/?api=1&query=3362+RUE+D%27HOLLYWOOD+Arrondissement+de+Brompton%E2%80%93Rock+Forest%E2%80%93Saint-%C3%89lie%E2%80%93Deauville
3338 RUE D'HOLLYWOOD,RUE HOLLYWOOD,H0031,https://cartes.ville.sherbrooke.qc.ca/GrilleUsage/?zoneid=H0031,Arrondissement de Brompton–Rock Forest–Saint-Élie–Deauville,https://www.google.com/maps/search/?api=1&query=3338+RUE+D%27HOLLYWOOD+Arrondissement+de+Brompton%E2%80%93Rock+Forest%E2%80%93Saint-%C3%89lie%E2%80%93Deauville
4757 RUE GUIMOND,RUE GUIMOND,H0171,https://cartes.ville.sherbrooke.qc.ca/GrilleUsage/?zoneid=H0171,Arrondissement de Brompton–Rock Forest–Saint-Élie–Deauville,https://www.google.com/maps/search/?api=1&query=4757+RUE+GUIMOND+Arrondissement+de+Brompton%E2%80%93Rock+Forest%E2%80%93Saint-%C3%89lie%E2%80%93Deauville
3419 RUE SUZOR COTE,RUE SUZOR-COTE,H0604,https://cartes.ville.sherbrooke.qc.ca/GrilleUsage/?zoneid=H0604,Arrondissement des Nations,https://www.google.com/maps/search/?api=1&query=3419+RUE+SUZOR+COTE+Arrondissement+des+Nations
3421 RUE SUZOR COTE,RUE SUZOR-COTE,H0604,https://cartes.ville.sherbrooke.qc.ca/GrilleUsage/?zoneid=H0604,Arrondissement des Nations,https://www.google.com/maps/search/?api=1&query=3421+RUE+SUZOR+COTE+Arrondissement+des+Nations
3423 RUE SUZOR COTE,RUE SUZOR-COTE,H0604,https://cartes.ville.sherbrooke.qc.ca/GrilleUsage/?zoneid=H0604,Arrondissement des Nations,https://www.google.com/maps/search/?api=1&query=3423+RUE+SUZOR+COTE+Arrondissement+des+Nations
100 RUE MARRAS,RUE MARRAS,H0101,https://cartes.ville.sherbrooke.qc.ca/GrilleUsage/?zoneid=H0101,Arrondissement de Brompton–Rock Forest–Saint-Élie–Deauville,https://www.google.com/maps/search/?api=1&query=100+RUE+MARRAS+Arrondissement+de+Brompton%E2%80%93Rock+Forest%E2%80%93Saint-%C3%89lie%E2%80%93Deauville
1676 RUE MORAND,RUE MORAND,H0183,https://cartes.ville.sherbrooke.qc.ca/GrilleUsage/?zoneid=H0183,Arrondissement des Nations,https://www.google.com/maps/search/?api=1&query=1676+RUE+MORAND+Arrondissement+des+Nations
1351 RUE DESGAGNE,RUE DESGAGNE,H0442,https://cartes.ville.sherbrooke.qc.ca/GrilleUsage/?zoneid=H0442,Arrondissement des Nations,https://www.google.com/maps/search/?api=1&query=1351+RUE+DESGAGNE+Arrondissement+des+Nations
1055 RUE DE LA PRINCESSE,RUE PRINCESSE,H1068,https://cartes.ville.sherbrooke.qc.ca/GrilleUsage/?zoneid=H1068,Arrondissement des Nations,https://www.google.com/maps/search/?api=1&query=1055+RUE+DE+LA+PRINCESSE+Arrondissement+des+Nations
863 RUE DE GIBRALTAR,RUE GIBRALTAR,H0171,https://cartes.ville.sherbrooke.qc.ca/GrilleUsage/?zoneid=H0171,Arrondissement de Brompton–Rock Forest–Saint-Élie–Deauville,https://www.google.com/maps/search/?api=1&query=863+RUE+DE+GIBRALTAR+Arrondissement+de+Brompton%E2%80%93Rock+Forest%E2%80%93Saint-%C3%89lie%E2%80%93Deauville
1420 RUE MARINI,RUE MARINI,H0183,https://cartes.ville.sherbrooke.qc.ca/GrilleUsage/?zoneid=H0183,Arrondissement des Nations,https://www.google.com/maps/search/?api=1&query=1420+RUE+MARINI+Arrondissement+des+Nations
1415 RUE SAINT ANDRE,RUE SAINT-ANDRE,H1044,https://cartes.ville.sherbrooke.qc.ca/GrilleUsage/?zoneid=H1044,Arrondissement des Nations,https://www.google.com/maps/search/?api=1&query=1415+RUE+SAINT+ANDRE+Arrondissement+des+Nations
849 RUE ADELARD COLLETTE,RUE ADELARD-COLLETTE,H1086,https://cartes.ville.sherbrooke.qc.ca/GrilleUsage/?zoneid=H1086,Arrondissement des Nations,https://www.google.com/maps/search/?api=1&query=849+RUE+ADELARD+COLLETTE+Arrondissement+des+Nations
1242 RUE ADELARD COLLETTE,RUE ADELARD-COLLETTE,H1084,https://cartes.ville.sherbrooke.qc.ca/GrilleUsage/?zoneid=H1084,Arrondissement des Nations,https://www.google.com/maps/search/?api=1&query=1242+RUE+ADELARD+COLLETTE+Arrondissement+des+Nations
442 RUE LAWFORD,RUE LAWFORD,H1385,https://cartes.ville.sherbrooke.qc.ca/GrilleUsage/?zoneid=H1385,Arrondissement de Fleurimont,https://www.google.com/maps/search/?api=1&query=442+RUE+LAWFORD+Arrondissement+de+Fleurimont
782 PLACE GOUPIL,PLACE GOUPIL,H1423,https://cartes.ville.sherbrooke.qc.ca/GrilleUsage/?zoneid=H1423,Arrondissement de Fleurimont,https://www.google.com/maps/search/?api=1&query=782+PLACE+GOUPIL+Arrondissement+de+Fleurimont
749 RUE DUVERNAY,RUE DUVERNAY,H0410,https://cartes.ville.sherbrooke.qc.ca/GrilleUsage/?zoneid=H0410,Arrondissement des Nations,https://www.google.com/maps/search/?api=1&query=749+RUE+DUVERNAY+Arrondissement+des+Nations
3357 RUE D'HOLLYWOOD,RUE HOLLYWOOD,H0031,https://cartes.ville.sherbrooke.qc.ca/GrilleUsage/?zoneid=H0031,Arrondissement de Brompton–Rock Forest–Saint-Élie–Deauville,https://www.google.com/maps/search/?api=1&query=3357+RUE+D%27HOLLYWOOD+Arrondissement+de+Brompton%E2%80%93Rock+Forest%E2%80%93Saint-%C3%89lie%E2%80%93Deauville
1418 RUE MARINI,RUE MARINI,H0183,https://cartes.ville.sherbrooke.qc.ca/GrilleUsage/?zoneid=H0183,Arrondissement des Nations,https://www.google.com/maps/search/?api=1&query=1418+RUE+MARINI+Arrondissement+des+Nations
1672 RUE MORAND,RUE MORAND,H0183,https://cartes.ville.sherbrooke.qc.ca/GrilleUsage/?zoneid=H0183,Arrondissement des Nations,https://www.google.com/maps/search/?api=1&query=1672+RUE+MORAND+Arrondissement+des+Nations
112 BOULEVARD QUEEN VICTORIA,BOULEVARD QUEEN-VICTORIA,H0522,https://cartes.ville.sherbrooke.qc.ca/GrilleUsage/?zoneid=H0522,Arrondissement des Nations,https://www.google.com/maps/search/?api=1&query=112+BOULEVARD+QUEEN+VICTORIA+Arrondissement+des+Nations
2598 RUE YVONNE BOLDUC,RUE YVONNE-BOLDUC,H1919,https://cartes.ville.sherbrooke.qc.ca/GrilleUsage/?zoneid=H1919,Arrondissement des Nations,https://www.google.com/maps/search/?api=1&query=2598+RUE+YVONNE+BOLDUC+Arrondissement+des+Nations
2600 RUE YVONNE BOLDUC,RUE YVONNE-BOLDUC,H1919,https://cartes.ville.sherbrooke.qc.ca/GrilleUsage/?zoneid=H1919,Arrondissement des Nations,https://www.google.com/maps/search/?api=1&query=2600+RUE+YVONNE+BOLDUC+Arrondissement+des+Nations
2602 RUE YVONNE BOLDUC,RUE YVONNE-BOLDUC,H1919,https://cartes.ville.sherbrooke.qc.ca/GrilleUsage/?zoneid=H1919,Arrondissement des Nations,https://www.google.com/maps/search/?api=1&query=2602+RUE+YVONNE+BOLDUC+Arrondissement+des+Nations
2604 RUE YVONNE BOLDUC,RUE YVONNE-BOLDUC,H1919,https://cartes.ville.sherbrooke.qc.ca/GrilleUsage/?zoneid=H1919,Arrondissement des Nations,https://www.google.com/maps/search/?api=1&query=2604+RUE+YVONNE+BOLDUC+Arrondissement+des+Nations
1077 RUE TALBOT,RUE TALBOT,H1412,https://cartes.ville.sherbrooke.qc.ca/GrilleUsage/?zoneid=H1412,Arrondissement de Fleurimont,https://www.google.com/maps/search/?api=1&query=1077+RUE+TALBOT+Arrondissement+de+Fleurimont
3078 RUE DES CHENES,RUE CHENES,H0339,https://cartes.ville.sherbrooke.qc.ca/GrilleUsage/?zoneid=H0339,Arrondissement des Nations,https://www.google.com/maps/search/?api=1&query=3078+RUE+DES+CHENES+Arrondissement+des+Nations
6326 RUE BERTRAND FABI,RUE BERTRAND-FABI,H0038,https://cartes.ville.sherbrooke.qc.ca/GrilleUsage/?zoneid=H0038,Arrondissement de Brompton–Rock Forest–Saint-Élie–Deauville,https://www.google.com/maps/search/?api=1&query=6326+RUE+BERTRAND+FABI+Arrondissement+de+Brompton%E2%80%93Rock+Forest%E2%80%93Saint-%C3%89lie%E2%80%93Deauville
6328 RUE BERTRAND FABI,RUE BERTRAND-FABI,H0038,https://cartes.ville.sherbrooke.qc.ca/GrilleUsage/?zoneid=H0038,Arrondissement de Brompton–Rock Forest–Saint-Élie–Deauville,https://www.google.com/maps/search/?api=1&query=6328+RUE+BERTRAND+FABI+Arrondissement+de+Brompton%E2%80%93Rock+Forest%E2%80%93Saint-%C3%89lie%E2%80%93Deauville
6330 RUE BERTRAND FABI,RUE BERTRAND-FABI,H0038,https://cartes.ville.sherbrooke.qc.ca/GrilleUsage/?zoneid=H0038,Arrondissement de Brompton–Rock Forest–Saint-Élie–Deauville,https://www.google.com/maps/search/?api=1&query=6330+RUE+BERTRAND+FABI+Arrondissement+de+Brompton%E2%80%93Rock+Forest%E2%80%93Saint-%C3%89lie%E2%80%93Deauville
6332 RUE BERTRAND FABI,RUE BERTRAND-FABI,H0038,https://cartes.ville.sherbrooke.qc.ca/GrilleUsage/?zoneid=H0038,Arrondissement de Brompton–Rock Forest–Saint-Élie–Deauville,https://www.google.com/maps/search/?api=1&query=6332+RUE+BERTRAND+FABI+Arrondissement+de+Brompton%E2%80%93Rock+Forest%E2%80%93Saint-%C3%89lie%E2%80%93Deauville
1632 RUE DES ROSES,RUE ROSES,H1637,https://cartes.ville.sherbrooke.qc.ca/GrilleUsage/?zoneid=H1637,Arrondissement de Fleurimont,https://www.google.com/maps/search/?api=1&query=1632+RUE+DES+ROSES+Arrondissement+de+Fleurimont
3043 RUE COLLEGE,RUE COLLEGE,H1789,https://cartes.ville.sherbrooke.qc.ca/GrilleUsage/?zoneid=H1789,Arrondissement de Lennoxville,https://www.google.com/maps/search/?api=1&query=3043+RUE+COLLEGE+Arrondissement+de+Lennoxville
82 RUE BAKER,RUE BAKER,H1520,https://cartes.ville.sherbrooke.qc.ca/GrilleUsage/?zoneid=H1520,Arrondissement de Lennoxville,https://www.google.com/maps/search/?api=1&query=82+RUE+BAKER+Arrondissement+de+Lennoxville
870 RUE ALINE,RUE ALINE,H0633,https://cartes.ville.sherbrooke.qc.ca/GrilleUsage/?zoneid=H0633,Arrondissement des Nations,https://www.google.com/maps/search/?api=1&query=870+RUE+ALINE+Arrondissement+des+Nations
4820 RUE YAMASKA,RUE YAMASKA,H0185,https://cartes.ville.sherbrooke.qc.ca/GrilleUsage/?zoneid=H0185,Arrondissement des Nations,https://www.google.com/maps/search/?api=1&query=4820+RUE+YAMASKA+Arrondissement+des+Nations
1476 RUE MAURICE DUPLESSIS,RUE MAURICE-DUPLESSIS,H1006,https://cartes.ville.sherbrooke.qc.ca/GrilleUsage/?zoneid=H1006,Arrondissement des Nations,https://www.google.com/maps/search/?api=1&query=1476+RUE+MAURICE+DUPLESSIS+Arrondissement+des+Nations
1645 RUE DE PROVENCE,RUE PROVENCE,H0469,https://cartes.ville.sherbrooke.qc.ca/GrilleUsage/?zoneid=H0469,Arrondissement des Nations,https://www.google.com/maps/search/?api=1&query=1645+RUE+DE+PROVENCE+Arrondissement+des+Nations
1202 RUE DE GRENOBLE,RUE GRENOBLE,H1626,https://cartes.ville.sherbrooke.qc.ca/GrilleUsage/?zoneid=H1626,Arrondissement de Fleurimont,https://www.google.com/maps/search/?api=1&query=1202+RUE+DE+GRENOBLE+Arrondissement+de+Fleurimont
7889 BOULEVARD BOURQUE,BOULEVARD BOURQUE,H0116,https://cartes.ville.sherbrooke.qc.ca/GrilleUsage/?zoneid=H0116,Arrondissement de Brompton–Rock Forest–Saint-Élie–Deauville,https://www.google.com/maps/search/?api=1&query=7889+BOULEVARD+BOURQUE+Arrondissement+de+Brompton%E2%80%93Rock+Forest%E2%80%93Saint-%C3%89lie%E2%80%93Deauville
4095 RUE DE LA PRAIRIE,RUE LA PRAIRIE,H1207,https://cartes.ville.sherbrooke.qc.ca/GrilleUsage/?zoneid=H1207,Arrondissement des Nations,https://www.google.com/maps/search/?api=1&query=4095+RUE+DE+LA+PRAIRIE+Arrondissement+des+Nations
930 RUE BERTRAND,RUE BERTRAND,H1060,https://cartes.ville.sherbrooke.qc.ca/GrilleUsage/?zoneid=H1060,Arrondissement des Nations,https://www.google.com/maps/search/?api=1&query=930+RUE+BERTRAND+Arrondissement+des+Nations
2340 BOULEVARD DE PORTLAND,BOULEVARD PORTLAND,H0366,https://cartes.ville.sherbrooke.qc.ca/GrilleUsage/?zoneid=H0366,Arrondissement des Nations,https://www.google.com/maps/search/?api=1&query=2340+BOULEVARD+DE+PORTLAND+Arrondissement+des+Nations
931 RUE GUSTAVE FLAUBERT,RUE GUSTAVE-FLAUBERT,H0414,https://cartes.ville.sherbrooke.qc.ca/GrilleUsage/?zoneid=H0414,Arrondissement des Nations,https://www.google.com/maps/search/?api=1&query=931+RUE+GUSTAVE+FLAUBERT+Arrondissement+des+Nations
3790 RUE AUGUSTE DUBUC,RUE AUGUSTE-DUBUC,H0303,https://cartes.ville.sherbrooke.qc.ca/GrilleUsage/?zoneid=H0303,Arrondissement des Nations,https://www.google.com/maps/search/?api=1&query=3790+RUE+AUGUSTE+DUBUC+Arrondissement+des+Nations
935 RUE ROGER CARON,RUE ROGER-CARON,H0717,https://cartes.ville.sherbrooke.qc.ca/GrilleUsage/?zoneid=H0717,Arrondissement de Fleurimont,https://www.google.com/maps/search/?api=1&query=935+RUE+ROGER+CARON+Arrondissement+de+Fleurimont
758 RUE DE CHATEAUFORT,RUE CHATEAUFORT,H0279,https://cartes.ville.sherbrooke.qc.ca/GrilleUsage/?zoneid=H0279,Arrondissement de Brompton–Rock Forest–Saint-Élie–Deauville,https://www.google.com/maps/search/?api=1&query=758+RUE+DE+CHATEAUFORT+Arrondissement+de+Brompton%E2%80%93Rock+Forest%E2%80%93Saint-%C3%89lie%E2%80%93Deauville
4238 RUE DU PAVILLON,RUE PAVILLON,H0155,https://cartes.ville.sherbrooke.qc.ca/GrilleUsage/?zoneid=H0155,Arrondissement de Brompton–Rock Forest–Saint-Élie–Deauville,https://www.google.com/maps/search/?api=1&query=4238+RUE+DU+PAVILLON+Arrondissement+de+Brompton%E2%80%93Rock+Forest%E2%80%93Saint-%C3%89lie%E2%80%93Deauville
1855 RUE JEANNINE LEPINE,RUE JEANNINE-LEPINE,H0727,https://cartes.ville.sherbrooke.qc.ca/GrilleUsage/?zoneid=H0727,Arrondissement de Fleurimont,https://www.google.com/maps/search/?api=1&query=1855+RUE+JEANNINE+LEPINE+Arrondissement+de+Fleurimont
4244 RUE DU PAVILLON,RUE PAVILLON,H0155,https://cartes.ville.sherbrooke.qc.ca/GrilleUsage/?zoneid=H0155,Arrondissement de Brompton–Rock Forest–Saint-Élie–Deauville,https://www.google.com/maps/search/?api=1&query=4244+RUE+DU+PAVILLON+Arrondissement+de+Brompton%E2%80%93Rock+Forest%E2%80%93Saint-%C3%89lie%E2%80%93Deauville
615 RUE SAINT EDOUARD,RUE SAINT-EDOUARD,H0179,https://cartes.ville.sherbrooke.qc.ca/GrilleUsage/?zoneid=H0179,Arrondissement de Brompton–Rock Forest–Saint-Élie–Deauville,https://www.google.com/maps/search/?api=1&query=615+RUE+SAINT+EDOUARD+Arrondissement+de+Brompton%E2%80%93Rock+Forest%E2%80%93Saint-%C3%89lie%E2%80%93Deauville
5093 RUE DE GASPE,RUE GASPE,H0163,https://cartes.ville.sherbrooke.qc.ca/GrilleUsage/?zoneid=H0163,Arrondissement de Brompton–Rock Forest–Saint-Élie–Deauville,https://www.google.com/maps/search/?api=1&query=5093+RUE+DE+GASPE+Arrondissement+de+Brompton%E2%80%93Rock+Forest%E2%80%93Saint-%C3%89lie%E2%80%93Deauville
2655 RUE DES ALPES,RUE ALPES,H0724,https://cartes.ville.sherbrooke.qc.ca/GrilleUsage/?zoneid=H0724,Arrondissement de Fleurimont,https://www.google.com/maps/search/?api=1&query=2655+RUE+DES+ALPES+Arrondissement+de+Fleurimont
848 RUE DE GIBRALTAR,RUE GIBRALTAR,H0174,https://cartes.ville.sherbrooke.qc.ca/GrilleUsage/?zoneid=H0174,Arrondissement de Brompton–Rock Forest–Saint-Élie–Deauville,https://www.google.com/maps/search/?api=1&query=848+RUE+DE+GIBRALTAR+Arrondissement+de+Brompton%E2%80%93Rock+Forest%E2%80%93Saint-%C3%89lie%E2%80%93Deauville
1107 RUE DES TOURTERELLES,RUE TOURTERELLES,H0136,https://cartes.ville.sherbrooke.qc.ca/GrilleUsage/?zoneid=H0136,Arrondissement de Brompton–Rock Forest–Saint-Élie–Deauville,https://www.google.com/maps/search/?api=1&query=1107+RUE+DES+TOURTERELLES+Arrondissement+de+Brompton%E2%80%93Rock+Forest%E2%80%93Saint-%C3%89lie%E2%80%93Deauville
3743 RUE IMELDA LEFEBVRE,RUE IMELDA-LEFEBVRE,H0608,https://cartes.ville.sherbrooke.qc.ca/GrilleUsage/?zoneid=H0608,Arrondissement des Nations,https://www.google.com/maps/search/?api=1&query=3743+RUE+IMELDA+LEFEBVRE+Arrondissement+des+Nations
245 RUE JULES RICHARD,RUE JULES-RICHARD,H0073,https://cartes.ville.sherbrooke.qc.ca/GrilleUsage/?zoneid=H0073,Arrondissement de Brompton–Rock Forest–Saint-Élie–Deauville,https://www.google.com/maps/search/?api=1&query=245+RUE+JULES+RICHARD+Arrondissement+de+Brompton%E2%80%93Rock+Forest%E2%80%93Saint-%C3%89lie%E2%80%93Deauville
385 RUE FRECHETTE,RUE FRECHETTE,H0390,https://cartes.ville.sherbrooke.qc.ca/GrilleUsage/?zoneid=H0390,Arrondissement des Nations,https://www.google.com/maps/search/?api=1&query=385+RUE+FRECHETTE+Arrondissement+des+Nations
10331 RUE DES RIVERAINS,RUE RIVERAINS,H0026,https://cartes.ville.sherbrooke.qc.ca/GrilleUsage/?zoneid=H0026,Arrondissement de Brompton–Rock Forest–Saint-Élie–Deauville,https://www.google.com/maps/search/?api=1&query=10331+RUE+DES+RIVERAINS+Arrondissement+de+Brompton%E2%80%93Rock+Forest%E2%80%93Saint-%C3%89lie%E2%80%93Deauville
5383 RUE DE GASPE,RUE GASPE,H0206,https://cartes.ville.sherbrooke.qc.ca/GrilleUsage/?zoneid=H0206,Arrondissement de Brompton–Rock Forest–Saint-Élie–Deauville,https://www.google.com/maps/search/?api=1&query=5383+RUE+DE+GASPE+Arrondissement+de+Brompton%E2%80%93Rock+Forest%E2%80%93Saint-%C3%89lie%E2%80%93Deauville
120 RUE DE CANDIAC,RUE CANDIAC,H0358,https://cartes.ville.sherbrooke.qc.ca/GrilleUsage/?zoneid=H0358,Arrondissement des Nations,https://www.google.com/maps/search/?api=1&query=120+RUE+DE+CANDIAC+Arrondissement+des+Nations
1025 RUE HELENE BOULLE,RUE HELENE-BOULLE,H0210,https://cartes.ville.sherbrooke.qc.ca/GrilleUsage/?zoneid=H0210,Arrondissement de Brompton–Rock Forest–Saint-Élie–Deauville,https://www.google.com/maps/search/?api=1&query=1025+RUE+HELENE+BOULLE+Arrondissement+de+Brompton%E2%80%93Rock+Forest%E2%80%93Saint-%C3%89lie%E2%80%93Deauville
2541 RUE YVONNE BOLDUC,RUE YVONNE-BOLDUC,H1919,https://cartes.ville.sherbrooke.qc.ca/GrilleUsage/?zoneid=H1919,Arrondissement des Nations,https://www.google.com/maps/search/?api=1&query=2541+RUE+YVONNE+BOLDUC+Arrondissement+des+Nations
2543 RUE YVONNE BOLDUC,RUE YVONNE-BOLDUC,H1919,https://cartes.ville.sherbrooke.qc.ca/GrilleUsage/?zoneid=H1919,Arrondissement des Nations,https://www.google.com/maps/search/?api=1&query=2543+RUE+YVONNE+BOLDUC+Arrondissement+des+Nations
2545 RUE YVONNE BOLDUC,RUE YVONNE-BOLDUC,H1919,https://cartes.ville.sherbrooke.qc.ca/GrilleUsage/?zoneid=H1919,Arrondissement des Nations,https://www.google.com/maps/search/?api=1&query=2545+RUE+YVONNE+BOLDUC+Arrondissement+des+Nations
812 RUE GALARNEAU,RUE GALARNEAU,H0207,https://cartes.ville.sherbrooke.qc.ca/GrilleUsage/?zoneid=H0207,Arrondissement de Brompton–Rock Forest–Saint-Élie–Deauville,https://www.google.com/maps/search/?api=1&query=812+RUE+GALARNEAU+Arrondissement+de+Brompton%E2%80%93Rock+Forest%E2%80%93Saint-%C3%89lie%E2%80%93Deauville
285 RUE DES PME,RUE PME,H1216,https://cartes.ville.sherbrooke.qc.ca/GrilleUsage/?zoneid=H1216,Arrondissement de Brompton–Rock Forest–Saint-Élie–Deauville,https://www.google.com/maps/search/?api=1&query=285+RUE+DES+PME+Arrondissement+de+Brompton%E2%80%93Rock+Forest%E2%80%93Saint-%C3%89lie%E2%80%93Deauville
842 7E AVENUE S,AVENUE 7E,H1395,https://cartes.ville.sherbrooke.qc.ca/GrilleUsage/?zoneid=H1395,Arrondissement de Fleurimont,https://www.google.com/maps/search/?api=1&query=842+7E+AVENUE+S+Arrondissement+de+Fleurimont
627 RUE ALLEN,RUE ALLEN,H1395,https://cartes.ville.sherbrooke.qc.ca/GrilleUsage/?zoneid=H1395,Arrondissement de Fleurimont,https://www.google.com/maps/search/?api=1&query=627+RUE+ALLEN+Arrondissement+de+Fleurimont
172 RUE DES CONDORS,RUE CONDORS,H0141,https://cartes.ville.sherbrooke.qc.ca/GrilleUsage/?zoneid=H0141,Arrondissement de Brompton–Rock Forest–Saint-Élie–Deauville,https://www.google.com/maps/search/?api=1&query=172+RUE+DES+CONDORS+Arrondissement+de+Brompton%E2%80%93Rock+Forest%E2%80%93Saint-%C3%89lie%E2%80%93Deauville
2606 RUE YVONNE BOLDUC,RUE YVONNE-BOLDUC,H1919,https://cartes.ville.sherbrooke.qc.ca/GrilleUsage/?zoneid=H1919,Arrondissement des Nations,https://www.google.com/maps/search/?api=1&query=2606+RUE+YVONNE+BOLDUC+Arrondissement+des+Nations
2537 RUE YVONNE BOLDUC,RUE YVONNE-BOLDUC,H1919,https://cartes.ville.sherbrooke.qc.ca/GrilleUsage/?zoneid=H1919,Arrondissement des Nations,https://www.google.com/maps/search/?api=1&query=2537+RUE+YVONNE+BOLDUC+Arrondissement+des+Nations
1952 RUE CAROLINE THERRIEN,RUE CAROLINE-THERRIEN,H0614,https://cartes.ville.sherbrooke.qc.ca/GrilleUsage/?zoneid=H0614,Arrondissement des Nations,https://www.google.com/maps/search/?api=1&query=1952+RUE+CAROLINE+THERRIEN+Arrondissement+des+Nations
501 10E AVENUE S,AVENUE 10E,H1464,https://cartes.ville.sherbrooke.qc.ca/GrilleUsage/?zoneid=H1464,Arrondissement de Fleurimont,https://www.google.com/maps/search/?api=1&query=501+10E+AVENUE+S+Arrondissement+de+Fleurimont
99 RUE GISELE TRUDEAU,RUE GISELE-TRUDEAU,H0802,https://cartes.ville.sherbrooke.qc.ca/GrilleUsage/?zoneid=H0802,Arrondissement de Brompton–Rock Forest–Saint-Élie–Deauville,https://www.google.com/maps/search/?api=1&query=99+RUE+GISELE+TRUDEAU+Arrondissement+de+Brompton%E2%80%93Rock+Forest%E2%80%93Saint-%C3%89lie%E2%80%93Deauville
1400 RUE EMILE ZOLA,RUE EMILE-ZOLA,H0403,https://cartes.ville.sherbrooke.qc.ca/GrilleUsage/?zoneid=H0403,Arrondissement des Nations,https://www.google.com/maps/search/?api=1&query=1400+RUE+EMILE+ZOLA+Arrondissement+des+Nations
3156 RUE DES CHENES,RUE CHENES,H0339,https://cartes.ville.sherbrooke.qc.ca/GrilleUsage/?zoneid=H0339,Arrondissement des Nations,https://www.google.com/maps/search/?api=1&query=3156+RUE+DES+CHENES+Arrondissement+des+Nations
3490 RUE THERESE CASGRAIN,RUE THERESE-CASGRAIN,H0353,https://cartes.ville.sherbrooke.qc.ca/GrilleUsage/?zoneid=H0353,Arrondissement des Nations,https://www.google.com/maps/search/?api=1&query=3490+RUE+THERESE+CASGRAIN+Arrondissement+des+Nations
3423 RUE ALFRED DESROCHERS,RUE ALFRED-DESROCHERS,H0050,https://cartes.ville.sherbrooke.qc.ca/GrilleUsage/?zoneid=H0050,Arrondissement des Nations,https://www.google.com/maps/search/?api=1&query=3423+RUE+ALFRED+DESROCHERS+Arrondissement+des+Nations
6334 RUE BERTRAND FABI,RUE BERTRAND-FABI,H0038,https://cartes.ville.sherbrooke.qc.ca/GrilleUsage/?zoneid=H0038,Arrondissement de Brompton–Rock Forest–Saint-Élie–Deauville,https://www.google.com/maps/search/?api=1&query=6334+RUE+BERTRAND+FABI+Arrondissement+de+Brompton%E2%80%93Rock+Forest%E2%80%93Saint-%C3%89lie%E2%80%93Deauville
6338 RUE BERTRAND FABI,RUE BERTRAND-FABI,H0038,https://cartes.ville.sherbrooke.qc.ca/GrilleUsage/?zoneid=H0038,Arrondissement de Brompton–Rock Forest–Saint-Élie–Deauville,https://www.google.com/maps/search/?api=1&query=6338+RUE+BERTRAND+FABI+Arrondissement+de+Brompton%E2%80%93Rock+Forest%E2%80%93Saint-%C3%89lie%E2%80%93Deauville
1684 RUE ERNEST THERRIAULT,RUE ERNEST-THERRIAULT,H1644,https://cartes.ville.sherbrooke.qc.ca/GrilleUsage/?zoneid=H1644,Arrondissement de Fleurimont,https://www.google.com/maps/search/?api=1&query=1684+RUE+ERNEST+THERRIAULT+Arrondissement+de+Fleurimont
1688 RUE ERNEST THERRIAULT,RUE ERNEST-THERRIAULT,H1644,https://cartes.ville.sherbrooke.qc.ca/GrilleUsage/?zoneid=H1644,Arrondissement de Fleurimont,https://www.google.com/maps/search/?api=1&query=1688+RUE+ERNEST+THERRIAULT+Arrondissement+de+Fleurimont
1286 RUE DES IMMORTELLES,RUE IMMORTELLES,H1482,https://cartes.ville.sherbrooke.qc.ca/GrilleUsage/?zoneid=H1482,Arrondissement de Fleurimont,https://www.google.com/maps/search/?api=1&query=1286+RUE+DES+IMMORTELLES+Arrondissement+de+Fleurimont
4689 RUE GABORIAULT,RUE GABORIAULT,H0280,https://cartes.ville.sherbrooke.qc.ca/GrilleUsage/?zoneid=H0280,Arrondissement de Brompton–Rock Forest–Saint-Élie–Deauville,https://www.google.com/maps/search/?api=1&query=4689+RUE+GABORIAULT+Arrondissement+de+Brompton%E2%80%93Rock+Forest%E2%80%93Saint-%C3%89lie%E2%80%93Deauville
559 RUE DE MONTREAL,RUE MONTREAL,H0575,https://cartes.ville.sherbrooke.qc.ca/GrilleUsage/?zoneid=H0575,Arrondissement des Nations,https://www.google.com/maps/search/?api=1&query=559+RUE+DE+MONTREAL+Arrondissement+des+Nations
1956 RUE CAROLINE THERRIEN,RUE CAROLINE-THERRIEN,H0614,https://cartes.ville.sherbrooke.qc.ca/GrilleUsage/?zoneid=H0614,Arrondissement des Nations,https://www.google.com/maps/search/?api=1&query=1956+RUE+CAROLINE+THERRIEN+Arrondissement+des+Nations
3730 RUE DE L'ILLINOIS,RUE ILLINOIS,H0051,https://cartes.ville.sherbrooke.qc.ca/GrilleUsage/?zoneid=H0051,Arrondissement des Nations,https://www.google.com/maps/search/?api=1&query=3730+RUE+DE+L%27ILLINOIS+Arrondissement+des+Nations
526 RUE DES COQUELICOTS,RUE COQUELICOTS,H1482,https://cartes.ville.sherbrooke.qc.ca/GrilleUsage/?zoneid=H1482,Arrondissement de Fleurimont,https://www.google.com/maps/search/?api=1&query=526+RUE+DES+COQUELICOTS+Arrondissement+de+Fleurimont
41 RUE CLOUGH,RUE CLOUGH,H1514,https://cartes.ville.sherbrooke.qc.ca/GrilleUsage/?zoneid=H1514,Arrondissement de Lennoxville,https://www.google.com/maps/search/?api=1&query=41+RUE+CLOUGH+Arrondissement+de+Lennoxville
4900 RUE GILLES COUTU,RUE GILLES-COUTU,H0059,https://cartes.ville.sherbrooke.qc.ca/GrilleUsage/?zoneid=H0059,Arrondissement de Brompton–Rock Forest–Saint-Élie–Deauville,https://www.google.com/maps/search/?api=1&query=4900+RUE+GILLES+COUTU+Arrondissement+de+Brompton%E2%80%93Rock+Forest%E2%80%93Saint-%C3%89lie%E2%80%93Deauville
6306 RUE BERTRAND FABI,RUE BERTRAND-FABI,H0038,https://cartes.ville.sherbrooke.qc.ca/GrilleUsage/?zoneid=H0038,Arrondissement de Brompton–Rock Forest–Saint-Élie–Deauville,https://www.google.com/maps/search/?api=1&query=6306+RUE+BERTRAND+FABI+Arrondissement+de+Brompton%E2%80%93Rock+Forest%E2%80%93Saint-%C3%89lie%E2%80%93Deauville
6308 RUE BERTRAND FABI,RUE BERTRAND-FABI,H0038,https://cartes.ville.sherbrooke.qc.ca/GrilleUsage/?zoneid=H0038,Arrondissement de Brompton–Rock Forest–Saint-Élie–Deauville,https://www.google.com/maps/search/?api=1&query=6308+RUE+BERTRAND+FABI+Arrondissement+de+Brompton%E2%80%93Rock+Forest%E2%80%93Saint-%C3%89lie%E2%80%93Deauville
6310 RUE BERTRAND FABI,RUE BERTRAND-FABI,H0038,https://cartes.ville.sherbrooke.qc.ca/GrilleUsage/?zoneid=H0038,Arrondissement de Brompton–Rock Forest–Saint-Élie–Deauville,https://www.google.com/maps/search/?api=1&query=6310+RUE+BERTRAND+FABI+Arrondissement+de+Brompton%E2%80%93Rock+Forest%E2%80%93Saint-%C3%89lie%E2%80%93Deauville
2600 RUE SYLVESTRE,RUE SYLVESTRE,H0419,https://cartes.ville.sherbrooke.qc.ca/GrilleUsage/?zoneid=H0419,Arrondissement des Nations,https://www.google.com/maps/search/?api=1&query=2600+RUE+SYLVESTRE+Arrondissement+des+Nations
1547 RUE ADELARD DUMAS,RUE ADELARD-DUMAS,H1644,https://cartes.ville.sherbrooke.qc.ca/GrilleUsage/?zoneid=H1644,Arrondissement de Fleurimont,https://www.google.com/maps/search/?api=1&query=1547+RUE+ADELARD+DUMAS+Arrondissement+de+Fleurimont
1539 RUE ADELARD DUMAS,RUE ADELARD-DUMAS,H1644,https://cartes.ville.sherbrooke.qc.ca/GrilleUsage/?zoneid=H1644,Arrondissement de Fleurimont,https://www.google.com/maps/search/?api=1&query=1539+RUE+ADELARD+DUMAS+Arrondissement+de+Fleurimont
1549 RUE ADELARD DUMAS,RUE ADELARD-DUMAS,H1644,https://cartes.ville.sherbrooke.qc.ca/GrilleUsage/?zoneid=H1644,Arrondissement de Fleurimont,https://www.google.com/maps/search/?api=1&query=1549+RUE+ADELARD+DUMAS+Arrondissement+de+Fleurimont
153 RUE FABI,RUE FABI,H1401,https://cartes.ville.sherbrooke.qc.ca/GrilleUsage/?zoneid=H1401,Arrondissement de Fleurimont,https://www.google.com/maps/search/?api=1&query=153+RUE+FABI+Arrondissement+de+Fleurimont
50 RUE DE LA VALLEE,RUE VALLEE,H1924,https://cartes.ville.sherbrooke.qc.ca/GrilleUsage/?zoneid=H1924,Arrondissement de Brompton–Rock Forest–Saint-Élie–Deauville,https://www.google.com/maps/search/?api=1&query=50+RUE+DE+LA+VALLEE+Arrondissement+de+Brompton%E2%80%93Rock+Forest%E2%80%93Saint-%C3%89lie%E2%80%93Deauville
48 RUE DE LA VALLEE,RUE VALLEE,H1924,https://cartes.ville.sherbrooke.qc.ca/GrilleUsage/?zoneid=H1924,Arrondissement de Brompton–Rock Forest–Saint-Élie–Deauville,https://www.google.com/maps/search/?api=1&query=48+RUE+DE+LA+VALLEE+Arrondissement+de+Brompton%E2%80%93Rock+Forest%E2%80%93Saint-%C3%89lie%E2%80%93Deauville
553 RUE DE MONTREAL,RUE MONTREAL,H0575,https://cartes.ville.sherbrooke.qc.ca/GrilleUsage/?zoneid=H0575,Arrondissement des Nations,https://www.google.com/maps/search/?api=1&query=553+RUE+DE+MONTREAL+Arrondissement+des+Nations
4130 RUE BARRETTE,RUE BARRETTE,H1207,https://cartes.ville.sherbrooke.qc.ca/GrilleUsage/?zoneid=H1207,Arrondissement des Nations,https://www.google.com/maps/search/?api=1&query=4130+RUE+BARRETTE+Arrondissement+des+Nations
1392 RUE DANIEL,RUE DANIEL,H1048,https://cartes.ville.sherbrooke.qc.ca/GrilleUsage/?zoneid=H1048,Arrondissement des Nations,https://www.google.com/maps/search/?api=1&query=1392+RUE+DANIEL+Arrondissement+des+Nations
1336 RUE BREBEUF,RUE BREBEUF,H1048,https://cartes.ville.sherbrooke.qc.ca/GrilleUsage/?zoneid=H1048,Arrondissement des Nations,https://www.google.com/maps/search/?api=1&query=1336+RUE+BREBEUF+Arrondissement+des+Nations
361 RUE DE MONTREAL,RUE MONTREAL,H0575,https://cartes.ville.sherbrooke.qc.ca/GrilleUsage/?zoneid=H0575,Arrondissement des Nations,https://www.google.com/maps/search/?api=1&query=361+RUE+DE+MONTREAL+Arrondissement+des+Nations
360 RUE DE MONTREAL,RUE MONTREAL,H0575,https://cartes.ville.sherbrooke.qc.ca/GrilleUsage/?zoneid=H0575,Arrondissement des Nations,https://www.google.com/maps/search/?api=1&query=360+RUE+DE+MONTREAL+Arrondissement+des+Nations
865 RUE DU SEYVAL,RUE SEYVAL,H0327,https://cartes.ville.sherbrooke.qc.ca/GrilleUsage/?zoneid=H0327,Arrondissement des Nations,https://www.google.com/maps/search/?api=1&query=865+RUE+DU+SEYVAL+Arrondissement+des+Nations
3147 RUE DES JADES,RUE JADES,H0753,https://cartes.ville.sherbrooke.qc.ca/GrilleUsage/?zoneid=H0753,Arrondissement de Fleurimont,https://www.google.com/maps/search/?api=1&query=3147+RUE+DES+JADES+Arrondissement+de+Fleurimont
890 RUE SAINT FRANCOIS N,RUE SAINT-FRANCOIS,H1354,https://cartes.ville.sherbrooke.qc.ca/GrilleUsage/?zoneid=H1354,Arrondissement de Fleurimont,https://www.google.com/maps/search/?api=1&query=890+RUE+SAINT+FRANCOIS+N+Arrondissement+de+Fleurimont
